journal,issn,eissn,impact_factor,impact_source,impact_year
2023 IEEE 19th International Conference on Body Sensor Networks Bsn 2023 Proceedings,,,,,
35th Aaai Conference on Artificial Intelligence Aaai 2021,,,,,
A Comprehensive Guide to Rehabilitation of the Older Patient,,,,,
ACM Transactions on Interactive Intelligent Systems,21606455,21606463,9.9,Scopus CiteScore,2024
ACS Medicinal Chemistry Letters,,19485875,5.8,Scopus CiteScore,2024
Acta Haematologica Polonica,00015814,23007117,1.3,Scopus CiteScore,2024
Acta Neurochirurgica,00016268,09420940,3.6,Scopus CiteScore,2024
Acta Neuropathologica,00016322,14320533,17.9,Scopus CiteScore,2024
Acta Neuropsychiatrica,09242708,16015215,4.3,Scopus CiteScore,2024
Acta Paediatrica International Journal of Paediatrics,08035253,16512227,4.8,Scopus CiteScore,2024
Acta Physiologica,17481708,17481716,9.5,Scopus CiteScore,2024
Acta Psychiatrica Scandinavica,0001690X,16000447,10.5,Scopus CiteScore,2024
Acta Psychologica,00016918,18736297,3.3,Scopus CiteScore,2024
Addiction,09652140,13600443,11.4,Scopus CiteScore,2024
Addiction Biology,13556215,13691600,7.8,Scopus CiteScore,2024
Addiction Neuroscience,,27723925,2.9,Scopus CiteScore,2024
Addictive Behaviors,03064603,18736327,8.1,Scopus CiteScore,2024
Advanced Healthcare Materials,21922640,21922659,14.8,Scopus CiteScore,2024
Advanced Materials Technologies,,2365709X,11.0,Scopus CiteScore,2024
Advances in Child Development and Behavior,00652407,,4.4,Scopus CiteScore,2024
Advances in Experimental Medicine and Biology,00652598,22148019,4.5,Scopus CiteScore,2024
Advances in Gerontology,20790570,20790589,1.0,Scopus CiteScore,2024
Advances in Mental Health,18387357,18374905,3.2,Scopus CiteScore,2024
Advances in Neurobiology,21905215,21905223,1.4,Scopus CiteScore,2024
Advances in Respiratory Medicine,24514934,25436031,3.5,Scopus CiteScore,2024
Age and Ageing,00020729,14682834,10.7,Scopus CiteScore,2024
Ageing and Society,0144686X,14691779,7.1,Scopus CiteScore,2024
Aging Brain,,25899589,3.3,Scopus CiteScore,2024
Aging Cell,14749718,14749726,12.4,Scopus CiteScore,2024
Aging Clinical and Experimental Research,15940667,17208319,7.8,Scopus CiteScore,2024
Aging Neuropsychology and Cognition,13825585,17444128,3.8,Scopus CiteScore,2024
Aging and Mental Health,13607863,13646915,7.6,Scopus CiteScore,2024
Aging from Fundamental Biology to Societal Impact,,,,,
Aies 2022 Proceedings of the 2022 Aaai ACM Conference on AI Ethics and Society,,,,,
Alcoholism Clinical and Experimental Research,01456008,15300277,5.9,Scopus CiteScore,2022
Algorithms,,19994893,4.5,Scopus CiteScore,2024
Alzheimer S Dementia the Journal of the Alzheimer S Association,,15525279,13.6,Scopus CiteScore,2024
Alzheimer S Research and Therapy,,17589193,13.0,Scopus CiteScore,2024
Alzheimer S and Dementia,15525260,15525279,13.6,Scopus CiteScore,2024
Alzheimer S and Dementia Diagnosis Assessment and Disease Monitoring,,23528729,7.0,Scopus CiteScore,2024
Alzheimer S and Dementia Translational Research and Clinical Interventions,,23528737,11.5,Scopus CiteScore,2024
American Journal of Geriatric Psychiatry,10647481,15457214,8.5,Scopus CiteScore,2024
American Journal of Human Genetics,00029297,15376605,14.0,Scopus CiteScore,2024
American Journal of Medical Genetics Part B Neuropsychiatric Genetics,15524841,1552485X,3.9,Scopus CiteScore,2024
American Journal of Perinatology,07351631,10988785,3.3,Scopus CiteScore,2024
American Journal of Psychiatry,0002953X,15357228,21.4,Scopus CiteScore,2024
Amyotrophic Lateral Sclerosis and Frontotemporal Degeneration,21678421,21679223,4.6,Scopus CiteScore,2024
Anaesthesia,00032409,13652044,17.6,Scopus CiteScore,2024
Analytica,,26734532,3.7,Scopus CiteScore,2024
Analytica Chimica Acta,00032670,18734324,10.4,Scopus CiteScore,2024
Annals of Anatomy,09409602,16180402,4.5,Scopus CiteScore,2024
Annals of Clinical Biochemistry,00045632,17581001,4.6,Scopus CiteScore,2024
Annals of Family Medicine,15441709,15441717,4.1,Scopus CiteScore,2024
Annals of Neurology,03645134,15318249,15.9,Scopus CiteScore,2024
Annual Review of Neuroscience,0147006X,15454126,24.8,Scopus CiteScore,2024
Aphasiology,02687038,14645041,4.7,Scopus CiteScore,2024
Applied Materials Today,,23529407,12.1,Scopus CiteScore,2024
Archives of Clinical Neuropsychology,08876177,18735843,4.7,Scopus CiteScore,2024
Archives of Disease in Childhood,00039888,14682044,6.5,Scopus CiteScore,2024
Archives of Disease in Childhood Education and Practice Edition,17430585,17430593,1.9,Scopus CiteScore,2024
Archives of Gerontology and Geriatrics,01674943,18726976,6.9,Scopus CiteScore,2024
Archives of Orthopaedic and Trauma Surgery,09368051,14343916,4.6,Scopus CiteScore,2024
Arquivos De Neuro Psiquiatria,0004282X,16784227,2.3,Scopus CiteScore,2024
Arterial Hypertension Poland,24496170,24496162,0.9,Scopus CiteScore,2024
Arteriosclerosis Thrombosis and Vascular Biology,10795642,15244636,12.9,Scopus CiteScore,2024
Arts and Health,17533015,17533023,4.7,Scopus CiteScore,2024
Assessment,10731911,15523489,9.6,Scopus CiteScore,2024
Autophagy,15548627,15548635,24.6,Scopus CiteScore,2024
BJOG an International Journal of Obstetrics and Gynaecology,14700328,14710528,9.4,Scopus CiteScore,2024
BMC Bioinformatics,,14712105,6.8,Scopus CiteScore,2024
BMC Geriatrics,,14712318,6.1,Scopus CiteScore,2024
BMC Health Services Research,,14726963,4.8,Scopus CiteScore,2024
BMC Medical Ethics,,14726939,6.2,Scopus CiteScore,2024
BMC Medical Informatics and Decision Making,,14726947,7.4,Scopus CiteScore,2024
BMC Neurology,,14712377,4.0,Scopus CiteScore,2024
BMC Neuroscience,,14712202,4.5,Scopus CiteScore,2024
BMC Psychiatry,,1471244X,5.8,Scopus CiteScore,2024
BMC Public Health,,14712458,6.0,Scopus CiteScore,2024
BMJ,09598146,17561833,20.4,Scopus CiteScore,2024
BMJ Innovations,20558074,2055642X,4.9,Scopus CiteScore,2024
BMJ Mental Health,,27559734,7.9,Scopus CiteScore,2024
BMJ Open,,20446055,4.5,Scopus CiteScore,2024
BMJ Open Ophthalmology,,23973269,3.4,Scopus CiteScore,2024
BMJ Open Quality,,23996641,2.5,Scopus CiteScore,2024
BMJ Open Sport and Exercise Medicine,20557647,,6.0,Scopus CiteScore,2024
BMJ Paediatrics Open,,23999772,3.0,Scopus CiteScore,2024
Behavior Research Methods,1554351X,15543528,8.6,Scopus CiteScore,2024
Behavioral and Brain Sciences,0140525X,14691825,2.2,Scopus CiteScore,2024
Behaviour Research and Therapy,00057967,1873622X,7.6,Scopus CiteScore,2024
Beilstein Journal of Organic Chemistry,,18605397,3.8,Scopus CiteScore,2024
Bio Protocol,,23318325,1.9,Scopus CiteScore,2024
Biochemical Pharmacology,00062952,18732968,9.4,Scopus CiteScore,2024
Biological Psychiatry,00063223,18732402,18.2,Scopus CiteScore,2024
Biological Psychiatry Cognitive Neuroscience and Neuroimaging,24519022,24519030,10.7,Scopus CiteScore,2024
Biological Psychiatry Global Open Science,,26671743,5.3,Scopus CiteScore,2024
Biological Research,07169760,07176287,6.1,Scopus CiteScore,2024
Biological Research for Nursing,10998004,15524175,5.2,Scopus CiteScore,2024
Biological and Pharmaceutical Bulletin,09186158,13475215,3.0,Scopus CiteScore,2024
Biology,,20797737,7.4,Scopus CiteScore,2024
Biomarkers in Neuropsychiatry,,26661446,2.5,Scopus CiteScore,2024
Biomechanics and Modeling in Mechanobiology,16177959,16177940,6.4,Scopus CiteScore,2024
Biomedicines,,22279059,6.8,Scopus CiteScore,2024
Biomolecules,,2218273X,9.2,Scopus CiteScore,2024
Bioorganic and Medicinal Chemistry Letters,0960894X,14643405,5.1,Scopus CiteScore,2024
Bja Open,,27726096,1.7,Scopus CiteScore,2024
Bjpsych Open,,20564724,5.3,Scopus CiteScore,2024
Brain,00068950,14602156,20.4,Scopus CiteScore,2024
Brain Behavior and Immunity,08891591,10902139,15.2,Scopus CiteScore,2024
Brain Behavior and Immunity Health,,26663546,7.1,Scopus CiteScore,2024
Brain Communications,,26321297,6.9,Scopus CiteScore,2024
Brain Imaging and Behavior,19317557,19317565,6.5,Scopus CiteScore,2024
Brain Injury,02699052,1362301X,3.0,Scopus CiteScore,2024
Brain Research,00068993,18726240,4.8,Scopus CiteScore,2024
Brain Sciences,,20763425,5.6,Scopus CiteScore,2024
Brain Stimulation,1935861X,18764754,12.4,Scopus CiteScore,2024
Brain Structure and Function,18632653,18632661,6.3,Scopus CiteScore,2024
Brain Topography,08960267,15736792,5.2,Scopus CiteScore,2024
Brain and Behavior,,21623279,5.0,Scopus CiteScore,2024
Briefings in Bioinformatics,14675463,14774054,15.8,Scopus CiteScore,2024
British Journal of Clinical Pharmacology,03065251,13652125,7.2,Scopus CiteScore,2024
British Journal of Dermatology,00070963,13652133,12.4,Scopus CiteScore,2024
British Journal of Pharmacology,00071188,14765381,14.4,Scopus CiteScore,2024
British Journal of Psychiatry,00071250,14721465,12.8,Scopus CiteScore,2024
British Journal of Sports Medicine,03063674,14730480,21.0,Scopus CiteScore,2024
CNS Drugs,11727047,11791934,13.4,Scopus CiteScore,2024
Cambridge Handbook of the Right to Freedom of Thought,,,,,
Cambridge Quarterly of Healthcare Ethics,09631801,14692147,3.6,Scopus CiteScore,2024
Cambridge Quarterly of Healthcare Ethics Cq the International Journal of Healthcare Ethics Committees,,14692147,3.6,Scopus CiteScore,2024
Cambridge Textbook of Neuroscience for Psychiatrists,,,,,
Canadian Journal of Psychiatry,07067437,14970015,7.0,Scopus CiteScore,2024
Cancer Cell,15356108,18783686,57.7,Scopus CiteScore,2024
Cancer Reports,,25738348,3.3,Scopus CiteScore,2024
Cancers,,20726694,8.8,Scopus CiteScore,2024
Cardiology in the Young,10479511,14671107,1.7,Scopus CiteScore,2024
Case Reports in Ophthalmology,,16632699,1.1,Scopus CiteScore,2024
Case Studies on Transport Policy,2213624X,22136258,6.0,Scopus CiteScore,2024
Cell,00928674,10974172,74.8,Scopus CiteScore,2024
Cell Chemical Biology,24519456,24519448,12.6,Scopus CiteScore,2024
Cell Genomics,,2666979X,11.1,Scopus CiteScore,2024
Cell Reports,26391856,22111247,12.9,Scopus CiteScore,2024
Cell Reports Medicine,,26663791,14.6,Scopus CiteScore,2024
Cells,,20734409,10.5,Scopus CiteScore,2024
Cellular and Molecular Immunology,16727681,20420226,36.2,Scopus CiteScore,2024
Cerebellum,14734222,14734230,4.9,Scopus CiteScore,2024
Cerebral Circulation Cognition and Behavior,,26662450,3.6,Scopus CiteScore,2024
Cerebral Cortex,10473211,14602199,5.8,Scopus CiteScore,2024
Cerebrovascular Diseases,10159770,14219786,4.6,Scopus CiteScore,2024
Cerebrovascular Diseases Extra,,16645456,3.5,Scopus CiteScore,2024
Ceur Workshop Proceedings,16130073,,0.9,Scopus CiteScore,2024
Chemistry A European Journal,09476539,15213765,6.7,Scopus CiteScore,2024
Circulation,00097322,15244539,45.1,Scopus CiteScore,2024
Cities and Health,23748834,,6.8,Scopus CiteScore,2024
Clinical Diabetology,24507458,24508187,1.2,Scopus CiteScore,2024
Clinical Gerontologist,07317115,15452301,7.2,Scopus CiteScore,2024
Clinical Immunology,15216616,15217035,7.1,Scopus CiteScore,2024
Clinical Interventions in Aging,11769092,11781998,6.2,Scopus CiteScore,2024
Clinical Neuropathology,07225091,,1.5,Scopus CiteScore,2024
Clinical Neurophysiology,13882457,18728952,7.9,Scopus CiteScore,2024
Clinical Neurophysiology Practice,2467981X,,4.0,Scopus CiteScore,2024
Clinical Psychological Science,21677026,21677034,10.1,Scopus CiteScore,2024
Clinical and Experimental Immunology,00099104,13652249,7.5,Scopus CiteScore,2024
Clinics in Perinatology,00955108,15579840,5.2,Scopus CiteScore,2024
Cochlear Implants International,14670100,17547628,2.3,Scopus CiteScore,2024
Cochrane Database of Systematic Reviews,14651858,,,,
Cognitive Development,08852014,,3.6,Scopus CiteScore,2024
Cognitive Science,03640213,15516709,4.3,Scopus CiteScore,2024
Cognitive Therapy and Research,01475916,15732819,5.1,Scopus CiteScore,2024
Communications Biology,,23993642,8.8,Scopus CiteScore,2024
Complementary Therapies in Clinical Practice,17443881,,6.2,Scopus CiteScore,2024
Complementary Therapies in Medicine,09652299,18736963,7.7,Scopus CiteScore,2024
Conference on Human Factors in Computing Systems Proceedings,,,,,
Consciousness and Cognition,10538100,10902376,4.3,Scopus CiteScore,2024
Contemporary Clinical Trials Communications,24518654,,2.6,Scopus CiteScore,2024
Controlled Drinking,,,,,
Cortex,00109452,19738102,6.1,Scopus CiteScore,2024
Current Alzheimer Research,15672050,18755828,3.6,Scopus CiteScore,2024
Current Biology,09609822,18790445,11.3,Scopus CiteScore,2024
Current Opinion in Behavioral Sciences,,23521546,11.8,Scopus CiteScore,2024
Current Opinion in Endocrine and Metabolic Research,,24519650,4.6,Scopus CiteScore,2024
Current Opinion in Immunology,09527915,18790372,13.2,Scopus CiteScore,2024
Current Opinion in Neurobiology,09594388,18736882,10.9,Scopus CiteScore,2024
Current Reviews in Clinical and Experimental Pharmacology,27724328,27724336,3.5,Scopus CiteScore,2024
Current Topics in Behavioral Neurosciences,18663370,18663389,5.8,Scopus CiteScore,2024
Cyberpsychology Behavior and Social Networking,21522715,21522723,9.0,Scopus CiteScore,2024
Cytokine,10434666,10960023,7.4,Scopus CiteScore,2024
Dalton Transactions,14779226,14779234,6.0,Scopus CiteScore,2024
Data in Brief,,23523409,2.6,Scopus CiteScore,2024
Deep Brain Reorienting Understanding the Neuroscience of Trauma Attachment Wounding and Dbr Psychotherapy,,,,,
Dementia,14713012,17412684,6.0,Scopus CiteScore,2024
Dementia Care and Provision in the Majority World,,,,,
Dementia E Neuropsychologia,19805764,,2.2,Scopus CiteScore,2024
Development and Psychopathology,09545794,14692198,8.1,Scopus CiteScore,2024
Developmental Cognitive Neuroscience,18789293,18789307,8.5,Scopus CiteScore,2024
Developmental Medicine and Child Neurology,00121622,14698749,8.1,Scopus CiteScore,2024
Developmental Science,1363755X,14677687,7.2,Scopus CiteScore,2024
Diabetes,00121797,1939327X,11.0,Scopus CiteScore,2024
Diabetes Epidemiology and Management,,26669706,2.3,Scopus CiteScore,2024
Diabetic Medicine,07423071,14645491,6.9,Scopus CiteScore,2024
Diagnostics,,20754418,5.9,Scopus CiteScore,2024
Digital Health,,20552076,3.5,Scopus CiteScore,2024
Disaster and Emergency Medicine Journal,24514691,25435957,1.6,Scopus CiteScore,2024
Discover Public Health,,30050774,1.0,Scopus CiteScore,2024
Drug and Alcohol Dependence,03768716,18790046,7.9,Scopus CiteScore,2024
EMBO Molecular Medicine,17574676,17574684,15.9,Scopus CiteScore,2024
Ear and Hearing,01960202,15384667,5.6,Scopus CiteScore,2024
Early Human Development,03783782,18726232,3.8,Scopus CiteScore,2024
Early Intervention in Psychiatry,17517885,17517893,5.3,Scopus CiteScore,2024
Ebiomedicine,,23523964,17.1,Scopus CiteScore,2024
Eclinicalmedicine,,25895370,17.0,Scopus CiteScore,2024
Ecological Psychoacoustics,,,,,
Elife,,2050084X,12.9,Scopus CiteScore,2023
Encyclopedia of the Eye,,,,,
Eneuro,,23732822,4.3,Scopus CiteScore,2024
Entropy,,10994300,5.2,Scopus CiteScore,2024
Environmental Science and Pollution Research,09441344,16147499,10.6,Scopus CiteScore,2024
Epidemiology and Psychiatric Sciences,20457960,20457979,9.5,Scopus CiteScore,2024
Epilepsia,00139580,15281167,11.4,Scopus CiteScore,2024
Epilepsia Open,,24709239,4.1,Scopus CiteScore,2024
Epilepsy Research,09201211,18726844,4.4,Scopus CiteScore,2024
Epilepsy and Behavior,15255050,15255069,4.9,Scopus CiteScore,2024
Epilepsy and Behavior Reports,,25899864,3.2,Scopus CiteScore,2024
European Addiction Research,10226877,14219891,6.3,Scopus CiteScore,2024
European Archives of Psychiatry and Clinical Neuroscience,09401334,14338491,9.3,Scopus CiteScore,2024
European Child and Adolescent Psychiatry,10188827,1435165X,12.1,Scopus CiteScore,2024
European Geriatric Medicine,18787649,18787657,6.3,Scopus CiteScore,2024
European Journal of Ageing,16139372,16139380,7.7,Scopus CiteScore,2024
European Journal of Anaesthesiology,02650215,13652346,8.0,Scopus CiteScore,2024
European Journal of Clinical and Experimental Medicine,25442406,25441361,0.3,Scopus CiteScore,2024
European Journal of Human Genetics,10184813,14765438,8.6,Scopus CiteScore,2024
European Journal of Immunology,00142980,15214141,8.2,Scopus CiteScore,2024
European Journal of Internal Medicine,09536205,18790828,7.9,Scopus CiteScore,2024
European Journal of Medical Genetics,17697212,18780849,3.7,Scopus CiteScore,2024
European Journal of Medicinal Chemistry,02235234,17683254,11.3,Scopus CiteScore,2024
European Journal of Neurology,13515101,14681331,8.9,Scopus CiteScore,2024
European Journal of Neuroscience,0953816X,14609568,6.8,Scopus CiteScore,2024
European Journal of Paediatric Neurology,10903798,15322130,4.7,Scopus CiteScore,2024
European Journal of Pediatrics,03406199,14321076,5.9,Scopus CiteScore,2024
European Journal of Pharmacology,00142999,18790712,8.4,Scopus CiteScore,2024
European Journal of Psychiatry,02136163,,3.0,Scopus CiteScore,2024
European Journal of Public Health,11011262,1464360X,5.5,Scopus CiteScore,2024
European Neurology,00143022,14219913,4.6,Scopus CiteScore,2024
European Neuropsychopharmacology,0924977X,18737862,10.6,Scopus CiteScore,2024
European Physical Journal Special Topics,19516355,19516401,6.0,Scopus CiteScore,2024
European Psychiatry,09249338,17783585,9.0,Scopus CiteScore,2024
European Radiology,09387994,14321084,10.7,Scopus CiteScore,2024
European Signal Processing Conference,22195491,,2.5,Scopus CiteScore,2024
European Stroke Journal,23969873,23969881,9.7,Scopus CiteScore,2024
Experimental Brain Research,00144819,14321106,3.7,Scopus CiteScore,2024
Experimental Eye Research,00144835,10960007,6.4,Scopus CiteScore,2024
Experimental Gerontology,05315565,18736815,7.3,Scopus CiteScore,2024
Experimental Neurology,00144886,10902430,8.7,Scopus CiteScore,2024
Expert Opinion on Drug Safety,14740338,1744764X,5.1,Scopus CiteScore,2024
Exploratory Research in Clinical and Social Pharmacy,,26672766,2.6,Scopus CiteScore,2024
Eye Basingstoke,0950222X,14765454,6.1,Scopus CiteScore,2024
FEBS Journal,1742464X,17424658,13.1,Scopus CiteScore,2024
FEBS Open Bio,,22115463,5.5,Scopus CiteScore,2024
Family Practice,02632136,14602229,5.1,Scopus CiteScore,2024
Fanaroff and Martin S Neonatal Perinatal Medicine 2 Volume Set Diseases of the Fetus and Infant,,,,,
Fluids and Barriers of the CNS,,20458118,9.0,Scopus CiteScore,2024
Frailty A Multidisciplinary Approach to Assessment Management and Prevention,,,,,
Free Agents how Evolution Gave Us Free Will,,,,,
Frontiers in Aging,,26736217,5.1,Scopus CiteScore,2024
Frontiers in Aging Neuroscience,,16634365,8.6,Scopus CiteScore,2024
Frontiers in Artificial Intelligence,,26248212,7.3,Scopus CiteScore,2024
Frontiers in Behavioral Neuroscience,16625153,,5.7,Scopus CiteScore,2024
Frontiers in Cellular Neuroscience,16625102,,8.3,Scopus CiteScore,2024
Frontiers in Digital Health,,2673253X,6.3,Scopus CiteScore,2024
Frontiers in Education,,2504284X,3.7,Scopus CiteScore,2024
Frontiers in Human Neuroscience,,16625161,5.5,Scopus CiteScore,2024
Frontiers in Immunology,,16643224,10.8,Scopus CiteScore,2024
Frontiers in Integrative Neuroscience,16625145,,5.2,Scopus CiteScore,2024
Frontiers in Molecular Biosciences,,2296889X,8.8,Scopus CiteScore,2024
Frontiers in Molecular Neuroscience,16625099,,6.8,Scopus CiteScore,2024
Frontiers in Network Physiology,,26740109,4.4,Scopus CiteScore,2024
Frontiers in Neural Circuits,16625110,,7.8,Scopus CiteScore,2024
Frontiers in Neurology,,16642295,5.2,Scopus CiteScore,2024
Frontiers in Neuroscience,16624548,1662453X,6.6,Scopus CiteScore,2024
Frontiers in Pediatrics,,22962360,4.3,Scopus CiteScore,2024
Frontiers in Pharmacology,,16639812,8.9,Scopus CiteScore,2024
Frontiers in Physiology,,1664042X,7.3,Scopus CiteScore,2024
Frontiers in Psychiatry,,16640640,6.2,Scopus CiteScore,2024
Frontiers in Psychology,,16641078,6.3,Scopus CiteScore,2024
Frontiers in Public Health,,22962565,5.5,Scopus CiteScore,2024
Frontiers in Sleep,,28132890,0.8,Scopus CiteScore,2024
Frontiers in Systems Neuroscience,16625137,,8.3,Scopus CiteScore,2024
Future of the Brain Essays by the World S Leading Neuroscientists,,,,,
G3 Genes Genomes Genetics,,21601836,4.3,Scopus CiteScore,2024
GLIA,08941491,10981136,11.5,Scopus CiteScore,2024
Gait and Posture,09666362,18792219,4.9,Scopus CiteScore,2024
Gastroenterology and Hepatology from Bed to Bench,20082258,20084234,1.9,Scopus CiteScore,2024
Genes,,20734425,5.5,Scopus CiteScore,2024
Genes Brain and Behavior,16011848,1601183X,5.6,Scopus CiteScore,2024
Genetics in Medicine,10983600,15300366,14.1,Scopus CiteScore,2024
Geriatrics Switzerland,,23083417,3.4,Scopus CiteScore,2024
Geroscience,25092715,25092723,8.6,Scopus CiteScore,2024
Govaresh,15607186,2008756X,0.2,Scopus CiteScore,2024
Groupwork,0951824X,17466091,0.3,Scopus CiteScore,2024
Health Promotion International,09574824,14602245,5.0,Scopus CiteScore,2024
Health and Social Care in the Community,09660410,13652524,5.4,Scopus CiteScore,2024
Healthcare Switzerland,,22279032,4.7,Scopus CiteScore,2024
Hearing Research,03785955,18785891,5.1,Scopus CiteScore,2024
Horizonte Medico,1727558X,22273530,0.0,Scopus CiteScore,2024
Hrb Open Research,,25154826,2.4,Scopus CiteScore,2024
Human Brain Mapping,10659471,10970193,8.1,Scopus CiteScore,2024
Human Genetics,03406717,14321203,9.2,Scopus CiteScore,2024
Human Genetics and Genomics Advances,,26662477,5.8,Scopus CiteScore,2024
Human Genomics,14739542,14797364,5.4,Scopus CiteScore,2024
Human Molecular Genetics,09646906,14602083,7.0,Scopus CiteScore,2024
Human Mutation,10597794,10981004,8.6,Scopus CiteScore,2024
Hypertension,0194911X,15244563,13.1,Scopus CiteScore,2024
I Perception,,20416695,4.2,Scopus CiteScore,2024
IEEE Journal of Translational Engineering in Health and Medicine,,21682372,8.7,Scopus CiteScore,2024
IEEE Sensors Journal,1530437X,15581748,8.2,Scopus CiteScore,2024
IEEE Signal Processing Magazine,10535888,15580792,20.5,Scopus CiteScore,2024
IEEE Transactions on Neural Systems and Rehabilitation Engineering,15344320,15580210,9.1,Scopus CiteScore,2024
Ibro Neuroscience Reports,26672421,,3.4,Scopus CiteScore,2024
Ijcai International Joint Conference on Artificial Intelligence,10450823,,6.2,Scopus CiteScore,2024
Imaging Neuroscience,,28376056,,,
Immunity and Ageing,,17424933,8.4,Scopus CiteScore,2024
Immuno,,26735601,3.7,Scopus CiteScore,2024
Immunopsychiatry an Introduction,,,,,
Infant Behavior and Development,01636383,19348800,4.0,Scopus CiteScore,2024
Inflammasome Biology Fundamentals Role in Disease States and Therapeutic Opportunities,,,,,
Innovation in Aging,,23995300,3.7,Scopus CiteScore,2024
Intelligence Based Medicine,,26665212,2.9,Scopus CiteScore,2024
International Conference on Intelligent User Interfaces Proceedings IUI,,,,,
International Journal of Behavioral Medicine,10705503,15327558,5.1,Scopus CiteScore,2024
International Journal of Bipolar Disorders,,21947511,5.3,Scopus CiteScore,2024
International Journal of Clinical and Health Psychology,16972600,,8.8,Scopus CiteScore,2024
International Journal of Eating Disorders,02763478,1098108X,8.1,Scopus CiteScore,2024
International Journal of Environmental Research and Public Health,16617827,16604601,8.5,Scopus CiteScore,2024
International Journal of Epidemiology,03005771,14643685,14.3,Scopus CiteScore,2024
International Journal of Geriatric Psychiatry,08856230,10991166,6.7,Scopus CiteScore,2024
International Journal of Gynecology and Obstetrics,00207292,18793479,4.7,Scopus CiteScore,2024
International Journal of Human Rights,13642987,1744053X,3.3,Scopus CiteScore,2024
International Journal of Language and Communication Disorders,13682822,14606984,3.3,Scopus CiteScore,2024
International Journal of Law and Psychiatry,01602527,18736386,2.5,Scopus CiteScore,2024
International Journal of Molecular Sciences,16616596,14220067,9.0,Scopus CiteScore,2024
International Journal of Neuropsychopharmacology,14611457,14695111,9.7,Scopus CiteScore,2024
International Journal of Psychophysiology,01678760,18727697,5.4,Scopus CiteScore,2024
International Journal of Social Psychiatry,00207640,17412854,8.5,Scopus CiteScore,2024
International Journal of Stroke,17474930,17474949,14.8,Scopus CiteScore,2024
Investigative Ophthalmology and Visual Science,01460404,15525783,6.2,Scopus CiteScore,2024
Irish Journal of Medical Science,00211265,18634362,3.8,Scopus CiteScore,2024
Irish Journal of Psychological Medicine,07909667,20516967,4.8,Scopus CiteScore,2024
Irish Medical Journal,03323102,,0.4,Scopus CiteScore,2024
Iscience,,25890042,6.9,Scopus CiteScore,2024
JAMA Internal Medicine,21686106,21686114,24.7,Scopus CiteScore,2024
JAMA Network Open,,25743805,13.8,Scopus CiteScore,2024
JAMA Neurology,21686149,21686157,31.0,Scopus CiteScore,2024
JAMA Ophthalmology,21686165,21686173,11.0,Scopus CiteScore,2024
JAMA Pediatrics,21686203,21686211,28.7,Scopus CiteScore,2024
JAMA Psychiatry,2168622X,21686238,31.4,Scopus CiteScore,2024
Jci Insight,,23793708,11.5,Scopus CiteScore,2024
Jmir Medical Education,,23693762,11.0,Scopus CiteScore,2024
Jmir Mental Health,,23687959,10.2,Scopus CiteScore,2024
Journal of Adolescent Health,1054139X,18791972,8.6,Scopus CiteScore,2024
Journal of Affective Disorders,01650327,15732517,9.5,Scopus CiteScore,2024
Journal of Alzheimer S Disease,13872877,18758908,6.1,Scopus CiteScore,2024
Journal of Anatomy,00218782,14697580,4.4,Scopus CiteScore,2024
Journal of Attention Disorders,10870547,15571246,6.8,Scopus CiteScore,2024
Journal of Autism and Developmental Disorders,01623257,15733432,8.3,Scopus CiteScore,2024
Journal of Behavioral Addictions,,20635303,11.6,Scopus CiteScore,2024
Journal of Biological Chemistry,00219258,1083351X,7.6,Scopus CiteScore,2024
Journal of Biomedical Materials Research Part A,15493296,15524965,9.0,Scopus CiteScore,2024
Journal of Cachexia Sarcopenia and Muscle,21905991,21906009,15.6,Scopus CiteScore,2024
Journal of Cell Biology,00219525,15408140,11.7,Scopus CiteScore,2024
Journal of Cerebral Blood Flow and Metabolism,0271678X,15597016,10.8,Scopus CiteScore,2024
Journal of Child Psychology and Psychiatry and Allied Disciplines,00219630,14697610,14.1,Scopus CiteScore,2024
Journal of Clinical Medicine,,20770383,5.2,Scopus CiteScore,2024
Journal of Clinical Psychiatry,01606689,15552101,6.7,Scopus CiteScore,2024
Journal of Clinical Psychology,00219762,10974679,5.7,Scopus CiteScore,2024
Journal of Clinical Psychopharmacology,02710749,1533712X,4.3,Scopus CiteScore,2024
Journal of Cognitive Neuroscience,0898929X,15308898,4.8,Scopus CiteScore,2024
Journal of ECT,10950680,15334112,3.5,Scopus CiteScore,2024
Journal of Electromyography and Kinesiology,10506411,18735711,4.2,Scopus CiteScore,2024
Journal of Environmental Psychology,02724944,15229610,10.0,Scopus CiteScore,2024
Journal of Ethnopharmacology,03788741,18727573,10.4,Scopus CiteScore,2024
Journal of Experimental Child Psychology,00220965,10960457,4.0,Scopus CiteScore,2024
Journal of Frailty and Aging,22601341,22734309,6.1,Scopus CiteScore,2024
Journal of Geriatric Oncology,18794068,,4.7,Scopus CiteScore,2024
Journal of Geriatric Psychiatry and Neurology,08919887,15525708,7.0,Scopus CiteScore,2024
Journal of Gerontology and Geriatrics,,24996564,0.8,Scopus CiteScore,2024
Journal of Health Psychology,13591053,14617277,7.6,Scopus CiteScore,2024
Journal of Hypertension,02636352,14735598,7.8,Scopus CiteScore,2024
Journal of Immunological Methods,00221759,18727905,3.6,Scopus CiteScore,2024
Journal of Immunology,00221767,15506606,7.2,Scopus CiteScore,2024
Journal of Infectious Diseases,00221899,15376613,11.1,Scopus CiteScore,2024
Journal of Integrative Neuroscience,02196352,1757448X,3.6,Scopus CiteScore,2024
Journal of Intellectual Disabilities,17446295,17446309,3.4,Scopus CiteScore,2024
Journal of Intellectual Disability Research,09642633,13652788,4.3,Scopus CiteScore,2024
Journal of Leukocyte Biology,07415400,19383673,8.5,Scopus CiteScore,2024
Journal of Maternal Fetal and Neonatal Medicine,14767058,14764954,4.8,Scopus CiteScore,2024
Journal of Medical Devices Transactions of the ASME,19326181,1932619X,2.0,Scopus CiteScore,2024
Journal of Medical Genetics,00222593,14686244,7.9,Scopus CiteScore,2024
Journal of Medical Humanities,10413545,15733645,2.0,Scopus CiteScore,2024
Journal of Medical Internet Research,,14388871,11.7,Scopus CiteScore,2024
Journal of Medicinal Chemistry,00222623,15204804,11.5,Scopus CiteScore,2024
Journal of Mental Health Policy and Economics,10914358,1099176X,1.7,Scopus CiteScore,2024
Journal of Neonatal Perinatal Medicine,,18784429,2.0,Scopus CiteScore,2024
Journal of Neural Engineering,17412560,17412552,7.8,Scopus CiteScore,2024
Journal of Neurochemistry,00223042,14714159,9.4,Scopus CiteScore,2024
Journal of Neurodevelopmental Disorders,18661947,18661955,7.0,Scopus CiteScore,2024
Journal of Neurogenetics,01677063,15635260,3.9,Scopus CiteScore,2024
Journal of Neuroimmune Pharmacology,15571890,15571904,9.5,Scopus CiteScore,2024
Journal of Neuroimmunology,01655728,18728421,6.1,Scopus CiteScore,2024
Journal of Neuroinflammation,,17422094,15.6,Scopus CiteScore,2024
Journal of Neurology,03405354,14321459,9.8,Scopus CiteScore,2024
Journal of Neurology Neurosurgery and Psychiatry,00223050,1468330X,15.9,Scopus CiteScore,2024
Journal of Neuropathology and Experimental Neurology,00223069,15546578,5.5,Scopus CiteScore,2024
Journal of Neuropsychology,17486645,17486653,4.6,Scopus CiteScore,2024
Journal of Neuroscience,02706474,15292401,8.0,Scopus CiteScore,2024
Journal of Neuroscience Methods,01650270,1872678X,6.1,Scopus CiteScore,2024
Journal of Neurotrauma,08977151,15579042,8.9,Scopus CiteScore,2024
Journal of Nutrition Health and Aging,12797707,17604788,7.9,Scopus CiteScore,2024
Journal of Pediatrics,00223476,10976833,5.9,Scopus CiteScore,2024
Journal of Perinatology,07438346,14765543,5.1,Scopus CiteScore,2024
Journal of Personalized Medicine,,20754426,6.0,Scopus CiteScore,2024
Journal of Physical Chemistry B,15206106,15205207,5.3,Scopus CiteScore,2024
Journal of Physics Communications,,23996528,2.7,Scopus CiteScore,2024
Journal of Physiology,00223751,14697793,8.3,Scopus CiteScore,2024
Journal of Pineal Research,07423098,1600079X,13.8,Scopus CiteScore,2024
Journal of Positive Psychology,17439760,17439779,10.7,Scopus CiteScore,2024
Journal of Prevention of Alzheimer S Disease,,24260266,10.0,Scopus CiteScore,2024
Journal of Psychiatric Research,00223956,18791379,7.4,Scopus CiteScore,2024
Journal of Psychosomatic Research,00223999,18791360,6.7,Scopus CiteScore,2024
Journal of Rare Diseases Germany,,2731085X,,,
Journal of Speech Language and Hearing Research,10924388,15589102,3.9,Scopus CiteScore,2024
Journal of Sport and Health Science,20952546,22132961,19.9,Scopus CiteScore,2024
Journal of Stroke and Cerebrovascular Diseases,10523057,15328511,4.0,Scopus CiteScore,2024
Journal of Sulfur Chemistry,17415993,17416000,3.9,Scopus CiteScore,2024
Journal of Thoracic Imaging,08835993,15360237,3.8,Scopus CiteScore,2024
Journal of Transport and Health,22141405,,6.3,Scopus CiteScore,2024
Journal of Viral Hepatitis,13520504,13652893,5.5,Scopus CiteScore,2024
Journal of Visualized Experiments,1940087X,,2.0,Scopus CiteScore,2024
Journal of Youth and Adolescence,00472891,15736601,8.4,Scopus CiteScore,2024
Journal of the American Academy of Child and Adolescent Psychiatry,08908567,15275418,16.6,Scopus CiteScore,2024
Journal of the American Geriatrics Society,00028614,15325415,8.1,Scopus CiteScore,2024
Journal of the American Medical Directors Association,15258610,15389375,7.6,Scopus CiteScore,2024
Journal of the American Society of Echocardiography,08947317,10976795,8.5,Scopus CiteScore,2024
Journal of the Economics of Ageing,2212828X,,3.8,Scopus CiteScore,2024
Journal of the International Neuropsychological Society,13556177,14697661,5.4,Scopus CiteScore,2024
Journal of the Neurological Sciences,0022510X,18785883,6.1,Scopus CiteScore,2024
Journals of Gerontology Series A Biological Sciences and Medical Sciences,10795006,1758535X,8.9,Scopus CiteScore,2024
Knowledge Based Systems,09507051,,15.0,Scopus CiteScore,2024
Lancet,01406736,1474547X,87.6,Scopus CiteScore,2024
Lancet Digital Health,,25897500,38.4,Scopus CiteScore,2024
Lancet Healthy Longevity,,26667568,22.3,Scopus CiteScore,2024
Lancet Neurology,14744422,14744465,62.6,Scopus CiteScore,2024
Lancet Psychiatry,22150366,22150374,44.3,Scopus CiteScore,2024
Lancet Regional Health Americas,,2667193X,11.4,Scopus CiteScore,2024
Lancet Regional Health Europe,,26667762,22.8,Scopus CiteScore,2024
Lancet Respiratory Medicine,22132600,22132619,53.2,Scopus CiteScore,2024
Lecture Notes in Computer Science Including Subseries Lecture Notes in Artificial Intelligence and Lecture Notes in Bioinformatics,03029743,16113349,2.4,Scopus CiteScore,2024
Lecture Notes in Networks and Systems,23673370,23673389,1.0,Scopus CiteScore,2024
Leonardo,0024094X,,1.1,Scopus CiteScore,2024
Life Sciences,00243205,18790631,10.9,Scopus CiteScore,2024
Magnetic Resonance in Medicine,07403194,15222594,6.5,Scopus CiteScore,2024
Med,26666359,26666340,17.2,Scopus CiteScore,2024
Medicine United Kingdom,13573039,,1.0,Scopus CiteScore,2024
Memory,09658211,14640686,4.0,Scopus CiteScore,2024
Memory and Cognition,0090502X,15325946,4.6,Scopus CiteScore,2024
Mental Health of Medical Students Supporting Wellbeing in Medical Education,,,,,
Metabolites,,22181989,6.9,Scopus CiteScore,2024
Methods in Molecular Biology,10643745,19406029,2.1,Scopus CiteScore,2024
Microbiology Spectrum,,21650497,5.8,Scopus CiteScore,2024
Midwifery,02666138,,4.8,Scopus CiteScore,2024
Minds and Machines,09246495,15728641,7.8,Scopus CiteScore,2024
Misuse of Alcohol Crucial Issues in Dependence Treatment and Prevention,,,,,
Molecular Autism,,20402392,10.5,Scopus CiteScore,2024
Molecular Biology of the Cell,10591524,19394586,5.2,Scopus CiteScore,2024
Molecular Brain,,17566606,6.4,Scopus CiteScore,2024
Molecular Neurobiology,08937648,15591182,8.4,Scopus CiteScore,2024
Molecular Psychiatry,13594184,14765578,22.1,Scopus CiteScore,2024
Molecular Therapy,15250016,15250024,20.1,Scopus CiteScore,2024
Molecular Therapy Methods and Clinical Development,,23290501,8.7,Scopus CiteScore,2024
Molecules,,14203049,8.6,Scopus CiteScore,2024
Movement Disorders,08853185,15318257,13.2,Scopus CiteScore,2024
Msphere,,23795042,6.5,Scopus CiteScore,2024
Mucosal Immunology,19330219,19353456,16.5,Scopus CiteScore,2024
Multiple Sclerosis Journal Experimental Translational and Clinical,,20552173,4.7,Scopus CiteScore,2024
Multiple Sclerosis and Related Disorders,22110348,22110356,5.5,Scopus CiteScore,2024
Multisensory Research,22134794,22134808,2.6,Scopus CiteScore,2024
Nano Letters,15306984,15306992,14.9,Scopus CiteScore,2024
Natural Product Research,14786419,14786427,5.2,Scopus CiteScore,2024
Nature,00280836,14764687,78.1,Scopus CiteScore,2024
Nature Aging,,26628465,26.1,Scopus CiteScore,2024
Nature Communications,,20411723,23.4,Scopus CiteScore,2024
Nature Computational Science,,26628457,21.2,Scopus CiteScore,2024
Nature Genetics,10614036,15461718,45.1,Scopus CiteScore,2024
Nature Human Behaviour,,23973374,31.0,Scopus CiteScore,2024
Nature Immunology,15292908,15292916,38.2,Scopus CiteScore,2024
Nature Machine Intelligence,,25225839,37.6,Scopus CiteScore,2024
Nature Medicine,10788956,1546170X,82.4,Scopus CiteScore,2024
Nature Mental Health,,27316076,4.1,Scopus CiteScore,2024
Nature Microbiology,,20585276,27.6,Scopus CiteScore,2024
Nature Neuroscience,10976256,15461726,35.4,Scopus CiteScore,2024
Nature Reviews Immunology,14741733,14741741,84.7,Scopus CiteScore,2024
Nature Reviews Neurology,17594758,17594766,31.6,Scopus CiteScore,2024
Nature Reviews Neuroscience,1471003X,14710048,34.9,Scopus CiteScore,2024
Neonatology,16617800,16617819,5.5,Scopus CiteScore,2024
Neural Regeneration Research,16735374,18767958,8.8,Scopus CiteScore,2024
Neuro Ophthalmology,01658107,1744506X,1.7,Scopus CiteScore,2024
Neurobiology of Aging,01974580,15581497,7.8,Scopus CiteScore,2024
Neurobiology of Disease,09699961,1095953X,8.9,Scopus CiteScore,2024
Neurobiology of Learning and Memory,10747427,10959564,4.9,Scopus CiteScore,2024
Neurochemical Research,03643190,15736903,8.1,Scopus CiteScore,2024
Neurochemistry International,01970186,18729754,8.9,Scopus CiteScore,2024
Neurogenetics for the Practitioner,,,,,
Neuroimage,10538119,10959572,10.8,Scopus CiteScore,2024
Neuroimage Clinical,,22131582,7.8,Scopus CiteScore,2024
Neuroimage Reports,,26669560,3.6,Scopus CiteScore,2024
Neuroinformatics,15392791,15590089,6.7,Scopus CiteScore,2024
Neurological Sciences,15901874,15903478,5.5,Scopus CiteScore,2024
Neurology,00283878,1526632X,10.2,Scopus CiteScore,2024
Neurology Clinical Practice,21630402,21630933,4.3,Scopus CiteScore,2024
Neurology Genetics,,23767839,4.6,Scopus CiteScore,2024
Neurology and Therapy,21938253,21936536,7.2,Scopus CiteScore,2024
Neuromethods,08932336,19406045,1.0,Scopus CiteScore,2024
Neuron,08966273,10974199,22.1,Scopus CiteScore,2024
Neuronal Signaling,,20596553,8.5,Scopus CiteScore,2024
Neuropathology and Applied Neurobiology,03051846,13652990,8.2,Scopus CiteScore,2024
Neuropharmacology,00283908,18737064,9.4,Scopus CiteScore,2024
Neuropsychologia,00283932,18733514,4.3,Scopus CiteScore,2024
Neuropsychology,08944105,19311559,5.0,Scopus CiteScore,2024
Neuropsychopharmacology,0893133X,1740634X,13.7,Scopus CiteScore,2024
Neuroregulation,,23730587,2.5,Scopus CiteScore,2024
Neuroscience Letters,03043940,18727972,5.4,Scopus CiteScore,2024
Neuroscience and Biobehavioral Reviews,01497634,18737528,15.5,Scopus CiteScore,2024
Neurosurgical Review,03445607,14372320,5.5,Scopus CiteScore,2024
Neurotherapeutics,19337213,18787479,12.1,Scopus CiteScore,2024
New England Journal of Medicine,00284793,15334406,96.4,Scopus CiteScore,2024
New Scientist,02624079,,0.2,Scopus CiteScore,2024
Nordic Journal of Music Therapy,08098131,,3.2,Scopus CiteScore,2024
Nowotwory,0029540X,23002115,1.2,Scopus CiteScore,2024
Npj Digital Medicine,,23986352,20.3,Scopus CiteScore,2024
Npj Genomic Medicine,,20567944,9.6,Scopus CiteScore,2024
Npj Vaccines,,20590105,11.6,Scopus CiteScore,2024
Nutritional Neuroscience,1028415X,14768305,9.2,Scopus CiteScore,2024
Obstetric Medicine,1753495X,17534968,1.8,Scopus CiteScore,2024
Occupational Therapy with Aging Adults Elsevier Ebook on Vitalsource Second Edition,,,,,
Oncology in Clinical Practice,24501654,24506478,0.6,Scopus CiteScore,2024
Ophthalmic Surgery Lasers and Imaging Retina,23258160,23258179,1.6,Scopus CiteScore,2024
Orphanet Journal of Rare Diseases,,17501172,6.2,Scopus CiteScore,2024
Parasite Immunology,01419838,13653024,4.2,Scopus CiteScore,2024
Pathy S Principles and Practice of Geriatric Medicine,,,,,
Pediatric Cardiology,01720643,14321971,3.4,Scopus CiteScore,2024
Pediatric Emergency Care,07495161,15351815,2.7,Scopus CiteScore,2024
Pediatric Investigation,,25742272,3.6,Scopus CiteScore,2024
Pediatric Neurology,08878994,18735150,3.9,Scopus CiteScore,2024
Pediatric Research,00313998,15300447,7.2,Scopus CiteScore,2024
Pediatrics,00314005,10984275,10.5,Scopus CiteScore,2024
Personality Disorders Theory Research and Treatment,19492715,19492723,5.5,Scopus CiteScore,2024
Pharmaceutical Research,07248741,1573904X,6.8,Scopus CiteScore,2024
Pharmaceuticals,,14248247,7.7,Scopus CiteScore,2024
Pharmaceutics,,19994923,10.0,Scopus CiteScore,2024
Pharmacoeconomics,11707690,11792027,8.1,Scopus CiteScore,2024
Pharmacology Research and Perspectives,,20521707,5.6,Scopus CiteScore,2024
Philosophical Transactions of the Royal Society B Biological Sciences,09628436,14712970,10.6,Scopus CiteScore,2024
Physical Therapy Reviews,10833196,1743288X,2.1,Scopus CiteScore,2024
Physical and Occupational Therapy in Pediatrics,01942638,15413144,3.5,Scopus CiteScore,2024
Physiology and Behavior,00319384,1873507X,5.2,Scopus CiteScore,2024
Physiotherapy United Kingdom,00319406,18731465,5.2,Scopus CiteScore,2024
Phytomedicine,09447113,1618095X,11.6,Scopus CiteScore,2024
Platelets,09537104,13691635,7.0,Scopus CiteScore,2024
Plos Biology,15449173,15457885,10.3,Scopus CiteScore,2024
Plos Computational Biology,1553734X,15537358,7.2,Scopus CiteScore,2024
Plos Digital Health,,27673170,7.5,Scopus CiteScore,2024
Plos Genetics,15537390,15537404,7.9,Scopus CiteScore,2024
Plos One,,19326203,5.4,Scopus CiteScore,2024
Plos Pathogens,15537366,15537374,10.2,Scopus CiteScore,2024
Pnas Nexus,,27526542,3.5,Scopus CiteScore,2024
Polymers,,20734360,9.7,Scopus CiteScore,2024
Preventive Medicine Reports,,22113355,4.3,Scopus CiteScore,2024
Proceedings of the 43rd Annual Meeting of the Cognitive Science Society Comparative Cognition Animal Minds Cogsci 2021,,,,,
Proceedings of the ACM Symposium on Applied Computing,,,,,
Proceedings of the Annual Conference of the International Speech Communication Association Interspeech,2308457X,29581796,,,
Proceedings of the Annual International Conference of the IEEE Engineering in Medicine and Biology Society EMBS,1557170X,,,,
Proceedings of the National Academy of Sciences of the United States of America,00278424,10916490,16.5,Scopus CiteScore,2024
Progress in Biomedical Optics and Imaging Proceedings of SPIE,16057422,,1.0,Scopus CiteScore,2024
Progress in Brain Research,00796123,18757855,4.4,Scopus CiteScore,2024
Progress in Neuro Psychopharmacology and Biological Psychiatry,02785846,18784216,12.6,Scopus CiteScore,2024
Psychiatric Genomics,,,,,
Psychiatry Research,01651781,18727123,8.6,Scopus CiteScore,2024
Psychiatry Research Communications,,27725987,2.3,Scopus CiteScore,2024
Psychiatry Research Neuroimaging,09254927,18727506,3.7,Scopus CiteScore,2024
Psychological Medicine,00332917,14698978,13.2,Scopus CiteScore,2024
Psychological Review,0033295X,19391471,10.3,Scopus CiteScore,2024
Psychologist,09528229,23981598,0.1,Scopus CiteScore,2024
Psychology and Aging,08827974,19391498,6.3,Scopus CiteScore,2024
Psychoneuroendocrinology,03064530,18733360,7.1,Scopus CiteScore,2024
Psychonomic Bulletin and Review,10699384,15315320,7.3,Scopus CiteScore,2024
Psychopharmacology,00333158,14322072,7.3,Scopus CiteScore,2024
Psychophysiology,00485772,14698986,5.7,Scopus CiteScore,2024
QJM an International Journal of Medicine,14602725,14602393,3.8,Scopus CiteScore,2024
Quarterly Journal of Experimental Psychology,17470218,17470226,3.5,Scopus CiteScore,2024
Research in Autism Spectrum Disorders,17509467,18780237,3.7,Scopus CiteScore,2024
Research on Child and Adolescent Psychopathology,27307166,27307174,5.1,Scopus CiteScore,2024
Revista Espanola De Geriatria Y Gerontologia,0211139X,15781747,1.3,Scopus CiteScore,2024
Riddle of Organismal Agency New Historical and Philosophical Reflections,,,,,
Rsc Advances,,20462069,7.6,Scopus CiteScore,2024
Rsc Medicinal Chemistry,,26328682,5.6,Scopus CiteScore,2024
Rural and Remote Health,,14456354,2.1,Scopus CiteScore,2024
Schizophrenia,,27546993,,,
Schizophrenia Bulletin,05867614,17451701,10.9,Scopus CiteScore,2024
Schizophrenia Bulletin Open,,26327899,3.9,Scopus CiteScore,2024
Schizophrenia Research,09209964,15732509,5.6,Scopus CiteScore,2024
Science Advances,,23752548,19.6,Scopus CiteScore,2024
Science Bulletin,20959273,20959281,20.3,Scopus CiteScore,2024
Science Immunology,,24709468,26.9,Scopus CiteScore,2024
Science Translational Medicine,19466234,19466242,27.9,Scopus CiteScore,2024
Scientific Data,,20524463,8.4,Scopus CiteScore,2024
Scientific Reports,,20452322,6.7,Scopus CiteScore,2024
Seizure,10591311,15322688,4.8,Scopus CiteScore,2024
Seminars in Fetal and Neonatal Medicine,1744165X,18780946,6.2,Scopus CiteScore,2024
Seminars in Neurology,02718235,10989021,3.4,Scopus CiteScore,2024
Sensors,14248220,14248220,8.2,Scopus CiteScore,2024
Sexual Abuse,10790632,1573286X,4.6,Scopus CiteScore,2024
Sexuality and Culture,10955143,19364822,2.9,Scopus CiteScore,2024
Simulated and Virtual Realities Elements of Perception,,,,,
Social Cognitive and Affective Neuroscience,17495016,17495024,7.9,Scopus CiteScore,2024
Social Psychiatry and Psychiatric Epidemiology,09337954,14339285,8.6,Scopus CiteScore,2024
Social Science and Medicine,02779536,18735347,9.1,Scopus CiteScore,2024
Ssm Mental Health,,26665603,4.2,Scopus CiteScore,2024
Stem Cell Reports,22136711,,11.4,Scopus CiteScore,2024
Stem Cell Research,18735061,18767753,1.8,Scopus CiteScore,2024
Stroke,00392499,15244628,13.0,Scopus CiteScore,2024
Structure,09692126,18784186,6.7,Scopus CiteScore,2024
Studies in Health Technology and Informatics,09269630,18798365,1.1,Scopus CiteScore,2024
Suicide and Life Threatening Behavior,03630234,1943278X,4.9,Scopus CiteScore,2024
Supportive Care in Cancer,09414355,14337339,5.6,Scopus CiteScore,2024
Sustainable Production and Consumption,,23525509,22.5,Scopus CiteScore,2024
Systematic Reviews,,20464053,11.0,Scopus CiteScore,2024
Teorema,02101602,,0.6,Scopus CiteScore,2024
Tetrahedron Letters,00404039,18733581,3.2,Scopus CiteScore,2024
Thinking and Reasoning,13546783,14640708,5.7,Scopus CiteScore,2024
Thrombosis and Haemostasis,03406245,,10.6,Scopus CiteScore,2024
Transfusion,00411132,15372995,4.3,Scopus CiteScore,2024
Translational Psychiatry,,21583188,11.5,Scopus CiteScore,2024
Translational Vision Science and Technology,,21642591,4.9,Scopus CiteScore,2024
Transplantation,00411337,,8.3,Scopus CiteScore,2024
Transportation Research Part F Traffic Psychology and Behaviour,13698478,,7.0,Scopus CiteScore,2024
Trends in Cognitive Sciences,13646613,1879307X,26.9,Scopus CiteScore,2024
Trends in Genetics,01689525,13624555,23.6,Scopus CiteScore,2024
Trends in Neurosciences,01662236,1878108X,26.4,Scopus CiteScore,2024
Trials,,17456215,3.5,Scopus CiteScore,2024
Viruses,,19994915,7.7,Scopus CiteScore,2024
Viruses Vaccines and Antivirals Why Politics Matters,,,,,
Vision Research,00426989,18785646,3.6,Scopus CiteScore,2024
Visual Cognition,13506285,14640716,4.1,Scopus CiteScore,2024
Wellness Around the World an International Encyclopedia of Health Indicators Practices and Issues,,,,,
World Journal of Biological Psychiatry,15622975,18141412,7.4,Scopus CiteScore,2024
World Psychiatry,17238617,20515545,74.0,Scopus CiteScore,2024
