tcin-author,url,citations,author-scopus-id,title,pubDate
"Bokde, Arun L.W.",https://api.elsevier.com/content/abstract/scopus_id/85208268599,0, 6602566280,Altered sleep and inflammation are related to outcomes in neonatal encephalopathy,2025-02-01
"Bokde, Arun L.W.",https://api.elsevier.com/content/abstract/scopus_id/84878911089,43, 6602566280,Changes in resting connectivity with age: A simultaneous electroencephalogram and functional magnetic resonance imaging investigation,2013-09-01
"Bokde, Arun L.W.",https://api.elsevier.com/content/abstract/scopus_id/84864389345,98, 6602566280,A simultaneous ERP/fMRI investigation of the P300 aging effect,2012-10-01
"Bokde, Arun L.W.",https://api.elsevier.com/content/abstract/scopus_id/80052531964,51, 6602566280,"Donepezil impairs memory in healthy older subjects: Behavioural, EEG and simultaneous EEG/fMRI biomarkers",2011-09-08
"Bokde, Arun L.W.",https://api.elsevier.com/content/abstract/scopus_id/70349183430,104, 6602566280,Assessing neuronal networks: Understanding Alzheimer's disease,2009-10-01
"Lopez-Valdes, Alejandro",https://api.elsevier.com/content/abstract/scopus_id/85202073322,11, 55775348600,Brain clocks capture diversity and disparities in aging and dementia across geographically diverse populations,2024-12-01
"Lopez-Valdes, Alejandro",https://api.elsevier.com/content/abstract/scopus_id/85210293256,1, 55775348600,Cortical encoding of phonetic onsets of both attended and ignored speech in hearing impaired individuals,2024-11-01
"Lopez-Valdes, Alejandro",https://api.elsevier.com/content/abstract/scopus_id/85185541299,4, 55775348600,Brain Wearables: Validation Toolkit for Ear-Level EEG Sensors,2024-02-01
"Lopez-Valdes, Alejandro",https://api.elsevier.com/content/abstract/scopus_id/85214979803,0, 55775348600,Analysis of synchronization component dynamics during a cooperative group task as assessed by electroencephalography,2024-01-01
"Lopez-Valdes, Alejandro",https://api.elsevier.com/content/abstract/scopus_id/85179639300,2, 55775348600,'The Mind' promotes brain synchronization: an ecological evaluation of brain synchronization in co-operative tasks,2023-01-01
"Lopez-Valdes, Alejandro",https://api.elsevier.com/content/abstract/scopus_id/85171538217,0, 55775348600,Effects of spectral and temporal modulation degradation on intelligibility and cortical tracking of speech signals,2023-01-01
"Lopez-Valdes, Alejandro",https://api.elsevier.com/content/abstract/scopus_id/84940377895,1, 55775348600,Electrophysiological correlates of spectral discrimination for cochlear implant users,2015-07-01
"Lopez-Valdes, Alejandro",https://api.elsevier.com/content/abstract/scopus_id/84940367419,0, 55775348600,An approach to develop an objective measure of temporal processing in cochlear implant users based on Schroeder-phase harmonic complexes,2015-07-01
"Lopez-Valdes, Alejandro",https://api.elsevier.com/content/abstract/scopus_id/84886580634,9, 55775348600,Auditory mismatch negativity in cochlear implant users: A window to spectral discrimination,2013-10-31
"Corvin, Aiden P.",https://api.elsevier.com/content/abstract/scopus_id/85085622507,18, 57217656691,"Prevalence of N-Methyl-D-Aspartate Receptor antibody (NMDAR-Ab) encephalitis in patients with first episode psychosis and treatment resistant schizophrenia on clozapine, a population based study",2020-08-01
"Corvin, Aiden P.",https://api.elsevier.com/content/abstract/scopus_id/84859445021,19, 57217656691,A NOS1 variant implicated in cognitive performance influences evoked neural responses during a high density EEG study of early visual perception,2012-05-01
"Corvin, Aiden P.",https://api.elsevier.com/content/abstract/scopus_id/72449192631,25, 57217656691,Reduced occipital and prefrontal brain volumes in dysbindin-associated schizophrenia,2010-01-01
"Lawlor, Brian A.",https://api.elsevier.com/content/abstract/scopus_id/85007330724,10, 20334798100,"The NEIL Memory Research Unit: Psychosocial, biological, physiological and lifestyle factors associated with healthy ageing: Study protocol",2015-01-01
"Lawlor, Brian A.",https://api.elsevier.com/content/abstract/scopus_id/84863628589,1, 20334798100,An unusual cause of autobiographical memory loss,2011-01-01
"Lawlor, Brian A.",https://api.elsevier.com/content/abstract/scopus_id/0043208848,135, 20334798100,Memory-related EEG power and coherence reductions in mild Alzheimer's disease,2003-08-01
"Lawlor, Brian A.",https://api.elsevier.com/content/abstract/scopus_id/85175158959,5, 57214358440,Age-related hearing loss associated with differences in the neural correlates of feature binding in visual working memory,2023-12-01
"Lawlor, Brian A.",https://api.elsevier.com/content/abstract/scopus_id/85160531831,5, 57214358440,Allostatic-interoceptive anticipation of social rejection,2023-08-01
"Lawlor, Brian A.",https://api.elsevier.com/content/abstract/scopus_id/85137640362,1, 57214358440,"Diminishing accelerated long-term forgetting in mild cognitive impairment: Study protocol for a prospective, double-blind, placebo-controlled, randomized controlled trial",2022-12-01
"Gillan, Claire M.",https://api.elsevier.com/content/abstract/scopus_id/85141469165,24, 50161540900,Developments in scalable strategies for detecting early markers of cognitive decline,2022-12-01
"Gillan, Claire M.",https://api.elsevier.com/content/abstract/scopus_id/85122103389,27, 50161540900,Multimodal mechanisms of human socially reinforced learning across neurodegenerative diseases,2022-03-01
"Gillan, Claire M.",https://api.elsevier.com/content/abstract/scopus_id/85111486977,18, 50161540900,Model-based planning deficits in compulsivity are linked to faulty neural representations of task structure,2021-07-28
"Gillan, Claire M.",https://api.elsevier.com/content/abstract/scopus_id/85096215638,24, 50161540900,A dimensional investigation of error-related negativity (ERN) and self-reported psychiatric symptoms,2020-12-01
"Kelly, Clare",https://api.elsevier.com/content/abstract/scopus_id/85078681354,48, 14058373600,"EEG spectral power, but not theta/beta ratio, is a neuromarker for adult ADHD",2020-05-01
"Kelly, Clare",https://api.elsevier.com/content/abstract/scopus_id/85071851606,38, 14058373600,Functional EEG connectivity is a neuromarker for adult attention deficit hyperactivity disorder symptoms,2020-01-01
"Kelly, Clare",https://api.elsevier.com/content/abstract/scopus_id/84858287571,88, 14058373600,Default mode network abnormalities in idiopathic generalized epilepsy,2012-03-01
"Doherty, Colin P.",https://api.elsevier.com/content/abstract/scopus_id/85188538925,5, 7102240088,Clinical outcomes among initial survivors of cryptogenic new-onset refractory status epilepsy (NORSE),2024-06-01
"Doherty, Colin P.",https://api.elsevier.com/content/abstract/scopus_id/85020295665,53, 7102240088,An exploration of the spectrum of peri-ictal MRI change; a comprehensive literature review,2017-08-01
"Doherty, Colin P.",https://api.elsevier.com/content/abstract/scopus_id/77956542680,22, 7102240088,"Formative evaluation of a telemedicine model for delivering clinical neurophysiology services part I: Utility, technical performance and service provider perspective",2010-01-01
"Doherty, Colin P.",https://api.elsevier.com/content/abstract/scopus_id/70449658862,33, 7102240088,Associations between electroencephalographic and magnetic resonance imaging findings in tuberous sclerosis complex,2009-12-01
"Doherty, Colin P.",https://api.elsevier.com/content/abstract/scopus_id/34247625479,36, 7102240088,Chemotherapy induced reversible posterior leukoencephalopathy syndrome,2007-06-01
"Doherty, Colin P.",https://api.elsevier.com/content/abstract/scopus_id/2642540315,32, 7102240088,Multimodal longitudinal imaging of focal status epilepticus,2004-01-01
"Doherty, Colin P.",https://api.elsevier.com/content/abstract/scopus_id/0035067896,7, 7102240088,The requirement for ictal EEG recordings prior to temporal lobe epilepsy surgery [3] (multiple letters),2001-01-01
"Doherty, Colin P.",https://api.elsevier.com/content/abstract/scopus_id/0033062383,10, 7102240088,Prosodic preservation in Landau-Kleffner syndrome: A case report,1999-01-01
"Cunningham, Colm",https://api.elsevier.com/content/abstract/scopus_id/85177495080,3, 7201736265,EEG microstate quantifiers and state space descriptors during anaesthesia in patients with postoperative delirium: a descriptive analysis,2023-01-01
"Cunningham, Colm",https://api.elsevier.com/content/abstract/scopus_id/84928076552,0, 7201736265,Experimental models of cognitive dysfunction in infection and critical illness,2011-01-01
"Tropea, Daniela",https://api.elsevier.com/content/abstract/scopus_id/85089408861,4, 6508358930,Functional network mapping reveals state-dependent response to IGF1 treatment in rett syndrome,2020-08-01
"Tropea, Daniela",https://api.elsevier.com/content/abstract/scopus_id/85075115406,3, 6508358930,Statistical modelling of cortical connectivity using non-invasive electroencephalograms,2019-11-01
"Tropea, Daniela",https://api.elsevier.com/content/abstract/scopus_id/85055072075,17, 6508358930,Clinical and genetic Rett syndrome variants are defined by stable electrophysiological profiles,2018-10-19
"Tropea, Daniela",https://api.elsevier.com/content/abstract/scopus_id/84956793788,0, 6508358930,Treating rett syndrome: Current approaches and new treatments,2015-01-01
"McLoughlin, Declan M.",https://api.elsevier.com/content/abstract/scopus_id/58149097072,34, 7005061686,"Methohexitone, propofol and etomidate in electroconvulsive therapy for depression: A naturalistic comparison study",2009-02-01
"O'Neill, Desmond J.",https://api.elsevier.com/content/abstract/scopus_id/85020818809,2, 7101811060,Investigation and diagnostic formulation in patients admitted with transient loss of consciousness,2017-05-01
"Lalor, Edmund C.",https://api.elsevier.com/content/abstract/scopus_id/85208911683,0, 8843627500,Deep-learning models reveal how context and listener attention shape electrophysiological correlates of speech-to-language transformation,2024-11-01
"Lalor, Edmund C.",https://api.elsevier.com/content/abstract/scopus_id/85173565465,2, 8843627500,A representation of abstract linguistic categories in the visual system underlies successful lipreading,2023-11-15
"Lalor, Edmund C.",https://api.elsevier.com/content/abstract/scopus_id/85154571438,5, 8843627500,The integration of continuous audio and visual speech in a cocktail-party environment depends on attention,2023-07-01
"Lalor, Edmund C.",https://api.elsevier.com/content/abstract/scopus_id/85152225659,5, 8843627500,Incorporating models of subcortical processing improves the ability to predict EEG responses to natural speech,2023-06-01
"Lalor, Edmund C.",https://api.elsevier.com/content/abstract/scopus_id/85180860407,1, 8843627500,The effect of gaze on EEG measures of multisensory integration in a cocktail party scenario,2023-01-01
"Lalor, Edmund C.",https://api.elsevier.com/content/abstract/scopus_id/85137974670,14, 8843627500,General Auditory and Speech-Specific Contributions to Cortical Envelope Tracking Revealed Using Auditory Chimeras,2022-10-12
"Lalor, Edmund C.",https://api.elsevier.com/content/abstract/scopus_id/85137990883,9, 8843627500,More than words: Neurophysiological correlates of semantic dissimilarity depend on comprehension of the speech narrative,2022-10-01
"Lalor, Edmund C.",https://api.elsevier.com/content/abstract/scopus_id/85123879095,22, 8843627500,Attention Differentially Affects Acoustic and Phonetic Feature Encoding in a Multispeaker Environment,2022-01-26
"Lalor, Edmund C.",https://api.elsevier.com/content/abstract/scopus_id/85120730396,63, 8843627500,Linear Modeling of Neurophysiological Responses to Speech and Other Continuous Stimuli: Methodological Considerations for Applied Research,2021-11-22
"Lalor, Edmund C.",https://api.elsevier.com/content/abstract/scopus_id/85115352764,29, 8843627500,Envelope reconstruction of speech and music highlights stronger tracking of speech at low frequencies,2021-09-01
"Lalor, Edmund C.",https://api.elsevier.com/content/abstract/scopus_id/85112801368,85, 8843627500,Electroencephalography-Based Auditory Attention Decoding: Toward Neurosteered Hearing Devices,2021-07-01
"Lalor, Edmund C.",https://api.elsevier.com/content/abstract/scopus_id/85108022539,26, 8843627500,Neurophysiological indices of audiovisual speech processing reveal a hierarchy of multisensory integration effects,2021-06-09
"Lalor, Edmund C.",https://api.elsevier.com/content/abstract/scopus_id/85084681730,17, 8843627500,Including Measures of High Gamma Power Can Improve the Decoding of Natural Speech From EEG,2020-04-29
"Lalor, Edmund C.",https://api.elsevier.com/content/abstract/scopus_id/85078260516,24, 8843627500,EEG-based classification of natural sounds reveals specialized responses to speech and music,2020-04-15
"Lalor, Edmund C.",https://api.elsevier.com/content/abstract/scopus_id/85074052514,46, 8843627500,Where is the cocktail party? Decoding locations of attended and unattended moving sound sources using EEG,2020-01-15
"Lalor, Edmund C.",https://api.elsevier.com/content/abstract/scopus_id/85070099085,33, 8843627500,Prosodic pitch processing is represented in delta-band EEG and is dissociable from the cortical tracking of other acoustic and phonetic features,2019-12-01
"Lalor, Edmund C.",https://api.elsevier.com/content/abstract/scopus_id/85072993208,67, 8843627500,Patterned functional network disruption in amyotrophic lateral sclerosis,2019-11-01
"Lalor, Edmund C.",https://api.elsevier.com/content/abstract/scopus_id/85066047547,25, 8843627500,Look at me when I'm talking to you: Selective attention at a multisensory cocktail party can be decoded using stimulus reconstruction and alpha power modulations,2019-10-01
"Lalor, Edmund C.",https://api.elsevier.com/content/abstract/scopus_id/85072508340,73, 8843627500,Semantic context enhances the early auditory encoding of natural speech,2019-09-18
"Lalor, Edmund C.",https://api.elsevier.com/content/abstract/scopus_id/85069237692,22, 8843627500,Cortical tracking of complex sound envelopes: Modeling the changes in response with intensity,2019-01-01
"Lalor, Edmund C.",https://api.elsevier.com/content/abstract/scopus_id/85065806935,24, 8843627500,EEG decoding of the target speaker in a cocktail party scenario: Considerations regarding dynamic switching of talker location,2019-01-01
"Lalor, Edmund C.",https://api.elsevier.com/content/abstract/scopus_id/85060992638,21, 8843627500,Dysfunction of attention switching networks in amyotrophic lateral sclerosis,2019-01-01
"Lalor, Edmund C.",https://api.elsevier.com/content/abstract/scopus_id/85059257113,73, 8843627500,Characteristic Increases in EEG Connectivity Correlate with Changes of Structural MRI in Amyotrophic Lateral Sclerosis,2019-01-01
"Lalor, Edmund C.",https://api.elsevier.com/content/abstract/scopus_id/85053305715,70, 8843627500,Infant-directed speech facilitates seven-month-old infants’ cortical tracking of speech,2018-12-01
"Lalor, Edmund C.",https://api.elsevier.com/content/abstract/scopus_id/85050888359,23, 8843627500,Neural tracking of auditory motion is reflected by delta phase and alpha power of EEG,2018-11-01
"Lalor, Edmund C.",https://api.elsevier.com/content/abstract/scopus_id/85044919393,110, 8843627500,Atypical cortical entrainment to speech in the right hemisphere underpins phonemic deficits in dyslexia,2018-07-15
"Lalor, Edmund C.",https://api.elsevier.com/content/abstract/scopus_id/85042261970,230, 8843627500,"Electrophysiological Correlates of Semantic Dissimilarity Reflect the Comprehension of Natural, Narrative Speech",2018-03-05
"Lalor, Edmund C.",https://api.elsevier.com/content/abstract/scopus_id/85046426829,40, 8843627500,Cortical measures of phoneme-level speech encoding correlate with the perceived clarity of natural speech,2018-03-01
"Lalor, Edmund C.",https://api.elsevier.com/content/abstract/scopus_id/85032179857,14, 8843627500,Estimation of coherence using the median is robust against EEG artefacts,2017-09-13
"Lalor, Edmund C.",https://api.elsevier.com/content/abstract/scopus_id/85027730310,27, 8843627500,Mismatch negativity as an indicator of cognitive sub-domain dysfunction in amyotrophic lateral sclerosis,2017-08-15
"Lalor, Edmund C.",https://api.elsevier.com/content/abstract/scopus_id/85031696372,16, 8843627500,A gaze independent hybrid-BCI based on visual spatial attention,2017-05-17
"Lalor, Edmund C.",https://api.elsevier.com/content/abstract/scopus_id/85014367646,43, 8843627500,Indexing cortical entrainment to natural speech at the phonemic level: Methodological considerations for applied research,2017-05-01
"Lalor, Edmund C.",https://api.elsevier.com/content/abstract/scopus_id/85012297962,17, 8843627500,Different spatio-temporal electroencephalography features drive the successful decoding of binaural and monaural cues for sound localization,2017-03-01
"Lalor, Edmund C.",https://api.elsevier.com/content/abstract/scopus_id/85010917073,37, 8843627500,Visual cortical entrainment to motion and categorical speech features during silent lipreading,2017-01-11
"Lalor, Edmund C.",https://api.elsevier.com/content/abstract/scopus_id/85002680152,31, 8843627500,ASR for under-resourced languages from probabilistic transcription,2017-01-01
"Lalor, Edmund C.",https://api.elsevier.com/content/abstract/scopus_id/85007454294,400, 8843627500,The multivariate temporal response function (mTRF) toolbox: A MATLAB toolbox for relating neural signals to continuous stimuli,2016-11-30
"Lalor, Edmund C.",https://api.elsevier.com/content/abstract/scopus_id/84988490347,103, 8843627500,Eye can hear clearly now: Inverse effectiveness in natural audiovisual speech processing relies on long-term crossmodal temporal integration,2016-09-21
"Lalor, Edmund C.",https://api.elsevier.com/content/abstract/scopus_id/84953807333,14, 8843627500,Delayed P100-Like latencies in multiple sclerosis: A preliminary investigation using visual evoked spread spectrum analysis,2016-01-04
"Lalor, Edmund C.",https://api.elsevier.com/content/abstract/scopus_id/84986564722,6, 8843627500,Isolating neural indices of continuous speech processing at the phonetic level,2016-01-01
"Lalor, Edmund C.",https://api.elsevier.com/content/abstract/scopus_id/84953246770,6, 8843627500,Improved decoding of attentional selection in a cocktail party environment with EEG via automatic selection of relevant independent components,2015-11-04
"Lalor, Edmund C.",https://api.elsevier.com/content/abstract/scopus_id/84944929752,127, 8843627500,Congruent visual speech enhances cortical entrainment to continuous auditory speech in noise-free conditions,2015-10-21
"Lalor, Edmund C.",https://api.elsevier.com/content/abstract/scopus_id/84943391434,360, 8843627500,Low-frequency cortical entrainment to speech reflects phoneme-level processing,2015-10-05
"Lalor, Edmund C.",https://api.elsevier.com/content/abstract/scopus_id/84940386154,9, 8843627500,Investigating the temporal dynamics of auditory cortical activation to silent lipreading,2015-07-01
"Lalor, Edmund C.",https://api.elsevier.com/content/abstract/scopus_id/84936759654,527, 8843627500,Attentional Selection in a Cocktail Party Environment Can Be Decoded from Single-Trial EEG,2015-07-01
"Lalor, Edmund C.",https://api.elsevier.com/content/abstract/scopus_id/84939241970,54, 8843627500,Functional connectivity changes in resting-state EEG as potential biomarker for Amyotrophic Lateral Sclerosis,2015-06-19
"Lalor, Edmund C.",https://api.elsevier.com/content/abstract/scopus_id/84929353375,49, 8843627500,Evidence for neural computations of temporal coherence in an auditory scene and their enhancement during active listening,2015-05-06
"Lalor, Edmund C.",https://api.elsevier.com/content/abstract/scopus_id/84907703049,21, 8843627500,Behavioral and electrophysiological evidence of opposing lateral visuospatial asymmetries in the upper and lower visual fields,2015-05-01
"Lalor, Edmund C.",https://api.elsevier.com/content/abstract/scopus_id/84929501118,6, 8843627500,Decoding of attentional selection in a cocktail party environment from single-trial EEG is robust to task,2014-11-02
"Lalor, Edmund C.",https://api.elsevier.com/content/abstract/scopus_id/84929501059,3, 8843627500,"Towards a gaze-independent hybrid-BCI based on SSVEPs, alpha-band modulations and the P300",2014-11-02
"Lalor, Edmund C.",https://api.elsevier.com/content/abstract/scopus_id/84901314790,26, 8843627500,Towards obtaining spatiotemporally precise responses to continuous sensory stimuli in humans: A general linear modeling approach to EEG,2014-08-15
"Lalor, Edmund C.",https://api.elsevier.com/content/abstract/scopus_id/84900796546,8, 8843627500,The cortical representation of the speech envelope is earlier for audiovisual speech than audio speech,2014-04-01
"Lalor, Edmund C.",https://api.elsevier.com/content/abstract/scopus_id/84897731877,0, 8843627500,A dynamical system model for neural tracking of speech with EEG,2013-12-01
"Lalor, Edmund C.",https://api.elsevier.com/content/abstract/scopus_id/84886508997,9, 8843627500,The effects of attention and visual input on the representation of natural speech in EEG,2013-10-31
"Lalor, Edmund C.",https://api.elsevier.com/content/abstract/scopus_id/84877065902,40, 8843627500,What does polarity inversion of extrastriate activity tell us about striate contributions to the early VEP? A comment on Ales et al. (2010),2013-08-01
"Lalor, Edmund C.",https://api.elsevier.com/content/abstract/scopus_id/84863779936,9, 8843627500,Generation of the VESPA response to rapid contrast fluctuations is dominated by striate cortex: Evidence from retinotopic mapping,2012-08-30
"Lalor, Edmund C.",https://api.elsevier.com/content/abstract/scopus_id/84863780113,34, 8843627500,Visual sensory processing deficits in schizophrenia: Is there anything to the magnocellular account?,2012-08-01
"Lalor, Edmund C.",https://api.elsevier.com/content/abstract/scopus_id/84864283601,9, 8843627500,Isolating early cortical generators of visual-evoked activity: A systems identification approach,2012-07-01
"Lalor, Edmund C.",https://api.elsevier.com/content/abstract/scopus_id/84860684445,166, 8843627500,At what time is the cocktail party? A late locus of selective attention to natural speech,2012-05-01
"Lalor, Edmund C.",https://api.elsevier.com/content/abstract/scopus_id/84863574579,5, 8843627500,Comparing linear and quadratic models of the human auditory system using EEG,2011-12-26
"Lalor, Edmund C.",https://api.elsevier.com/content/abstract/scopus_id/72949111169,186, 8843627500,Neural responses to uninterrupted natural speech can be extracted with precise temporal resolution,2010-01-01
"Lalor, Edmund C.",https://api.elsevier.com/content/abstract/scopus_id/70350228582,2, 8843627500,Modeling the human visual system using the white-noise approach,2009-10-27
"Lalor, Edmund C.",https://api.elsevier.com/content/abstract/scopus_id/70350222000,1, 8843627500,Estimation of the impulse response of the visual system using stochastic modulation of stimulus spatial frequency,2009-10-27
"Lalor, Edmund C.",https://api.elsevier.com/content/abstract/scopus_id/33744901153,541, 8843627500,Increases in alpha oscillatory power reflect an active retinotopic mechanism for distracter suppression during sustained visuospatial attention,2006-06-01
"Lalor, Edmund C.",https://api.elsevier.com/content/abstract/scopus_id/33750926375,329, 8843627500,Steady-state VEP-based brain-computer interface control in an immersive 3D gaming environment,2005-12-01
"Lalor, Edmund C.",https://api.elsevier.com/content/abstract/scopus_id/33744500982,34, 8843627500,Independent brain computer interface control using visual spatial attention-dependent modulations of parieto-occipital alpha,2005-12-01
"Lalor, Edmund C.",https://api.elsevier.com/content/abstract/scopus_id/22544486886,191, 8843627500,Visual spatial attention tracking using high-density SSVEP data for independent brain-computer communication,2005-06-01
"Lalor, Edmund C.",https://api.elsevier.com/content/abstract/scopus_id/11144278676,18, 8843627500,A comparison of covert and overt attention as a control option in a steady-state visual eyoked potential-based brain computer interface,2004-12-01
"Molloy, Eleanor Joan",https://api.elsevier.com/content/abstract/scopus_id/85128389857,0, 6603848328,"Proceedings of the 13th International Newborn Brain Conference: Neonatal Neurocritical Care, Seizures, and Continuous EEG monitoring",2022-01-01
"Molloy, Eleanor Joan",https://api.elsevier.com/content/abstract/scopus_id/85073791382,21, 6603848328,Coagulation Profiles Are Associated With Early Clinical Outcomes in Neonatal Encephalopathy,2019-10-01
"Newell, F. N.",https://api.elsevier.com/content/abstract/scopus_id/54149099144,87, 7004915318,Differences in early sensory-perceptual processing in synesthesia: A visual evoked potential study,2008-11-15
"Di Liberto, Giovanni M.",https://api.elsevier.com/content/abstract/scopus_id/85215384768,0, 56893669400,IDyOMpy: A new Python-based model for the statistical analysis of musical expectations,2025-03-01
"Di Liberto, Giovanni M.",https://api.elsevier.com/content/abstract/scopus_id/85218922098,0, 56893669400,Real-time control of a hearing instrument with EEG-based attention decoding,2025-02-01
"Di Liberto, Giovanni M.",https://api.elsevier.com/content/abstract/scopus_id/85215403068,0, 56893669400,Robust assessment of the cortical encoding of word-level expectations using the temporal response function,2025-02-01
"Di Liberto, Giovanni M.",https://api.elsevier.com/content/abstract/scopus_id/85211055769,0, 56893669400,"Infant low-frequency EEG cortical power, cortical tracking and phase-amplitude coupling predicts language a year later",2024-12-01
"Di Liberto, Giovanni M.",https://api.elsevier.com/content/abstract/scopus_id/85196496531,2, 56893669400,Atypical low-frequency cortical encoding of speech identifies children with developmental dyslexia,2024-01-01
"Di Liberto, Giovanni M.",https://api.elsevier.com/content/abstract/scopus_id/85173587855,0, 56893669400,Seeing a Talking Face Matters: Gaze Behavior and the Auditory–Visual Speech Benefit in Adults’ Cortical Tracking of Infant-directed Speech,2023-11-01
"Di Liberto, Giovanni M.",https://api.elsevier.com/content/abstract/scopus_id/85171546342,0, 56893669400,Investigating the cortical tracking of speech and music with sung speech,2023-01-01
"Di Liberto, Giovanni M.",https://api.elsevier.com/content/abstract/scopus_id/85129559855,13, 56893669400,"Seeing a talking face matters: The relationship between cortical tracking of continuous auditory‐visual speech and gaze behaviour in infants, children and adults",2022-08-01
"Di Liberto, Giovanni M.",https://api.elsevier.com/content/abstract/scopus_id/85128813629,9, 56893669400,Cortical Tracking of Sung Speech in Adults vs Infants: A Developmental Analysis,2022-04-12
"Di Liberto, Giovanni M.",https://api.elsevier.com/content/abstract/scopus_id/85121722565,56, 56893669400,Delta- and theta-band cortical tracking and phase-amplitude coupling to sung speech by infants,2022-02-15
"Di Liberto, Giovanni M.",https://api.elsevier.com/content/abstract/scopus_id/85120882701,13, 56893669400,Robust anticipation of continuous steering actions from electroencephalographic data during simulated driving,2021-12-01
"Di Liberto, Giovanni M.",https://api.elsevier.com/content/abstract/scopus_id/85113247563,17, 56893669400,The music of silence. Part II: Music listening induces imagery responses,2021-09-01
"Di Liberto, Giovanni M.",https://api.elsevier.com/content/abstract/scopus_id/85113216197,22, 56893669400,The music of silence. Part I: Responses to musical imagery encode melodic expectations and acoustics,2021-09-01
"Di Liberto, Giovanni M.",https://api.elsevier.com/content/abstract/scopus_id/85113258558,11, 56893669400,Accurate Decoding of Imagined and Heard Melodies,2021-08-05
"Di Liberto, Giovanni M.",https://api.elsevier.com/content/abstract/scopus_id/85064407636,37, 56893669400,Low-frequency cortical responses to natural speech reflect probabilistic phonotactics,2019-08-01
"Di Liberto, Giovanni M.",https://api.elsevier.com/content/abstract/scopus_id/85057609632,60, 56893669400,Multiway canonical correlation analysis of brain data,2019-02-01
"Robertson, Ian H.",https://api.elsevier.com/content/abstract/scopus_id/85117257928,10, 7202282108,"A bridge between the breath and the brain: Synchronization of respiration, a pupillometric marker of the locus coeruleus, and an eeg marker of attentional control state",2021-10-01
"Robertson, Ian H.",https://api.elsevier.com/content/abstract/scopus_id/85103207065,17, 7202282108,Impaired posterior cingulate cortex–parahippocampus connectivity is associated with episodic memory retrieval problems in amnestic mild cognitive impairment,2021-05-01
"Robertson, Ian H.",https://api.elsevier.com/content/abstract/scopus_id/85088120294,34, 7202282108,"Neuropsychological Deficits in Adult ADHD: Evidence for Differential Attentional Impairments, Deficient Executive Functions, and High Self-Reported Functional Impairments",2020-08-01
"Robertson, Ian H.",https://api.elsevier.com/content/abstract/scopus_id/85054015790,50, 7202282108,P3b amplitude as a signature of cognitive decline in the older population: An EEG study enhanced by Functional Source Separation,2019-01-01
"Robertson, Ian H.",https://api.elsevier.com/content/abstract/scopus_id/85054147703,26, 7202282108,"Prefrontal modulation of visual processing and sustained attention in aging, a tDCS–EEG coregistration approach",2018-01-01
"Robertson, Ian H.",https://api.elsevier.com/content/abstract/scopus_id/85027553356,17, 7202282108,Parsing the neural signatures of reduced error detection in older age,2017-11-01
"Robertson, Ian H.",https://api.elsevier.com/content/abstract/scopus_id/84953335161,8, 7202282108,Filter bank common spatial patterns in mental workload estimation,2015-11-04
"Robertson, Ian H.",https://api.elsevier.com/content/abstract/scopus_id/84953264915,4, 7202282108,Effects of feedback latency on P300-based brain-computer interface,2015-11-04
"Robertson, Ian H.",https://api.elsevier.com/content/abstract/scopus_id/84929492439,22, 7202282108,Subject-to-subject adaptation to reduce calibration time in motor imagery-based brain-computer interface,2014-11-02
"Robertson, Ian H.",https://api.elsevier.com/content/abstract/scopus_id/84933678684,79, 7202282108,An electrophysiological signal that precisely tracks the emergence of error awareness,2012-01-01
"Robertson, Ian H.",https://api.elsevier.com/content/abstract/scopus_id/80455149996,46, 7202282108,Electrophysiological markers of cognitive deficits in traumatic brain injury: A review,2011-10-01
"Robertson, Ian H.",https://api.elsevier.com/content/abstract/scopus_id/79959982909,138, 7202282108,Resting EEG theta power correlates with cognitive performance in healthy older adults,2011-08-01
"Robertson, Ian H.",https://api.elsevier.com/content/abstract/scopus_id/70350225549,5, 7202282108,Monitoring of cognitive processes in older persons,2009-10-27
"Robertson, Ian H.",https://api.elsevier.com/content/abstract/scopus_id/67649949469,216, 7202282108,Uncovering the neural signature of lapsing attention: Electrophysiological signals predict errors up to 20 s before they occur,2009-07-01
"Robertson, Ian H.",https://api.elsevier.com/content/abstract/scopus_id/41149178653,35, 7202282108,The P300 as a marker of waning attention and error propensity,2007-12-01
"Robertson, Ian H.",https://api.elsevier.com/content/abstract/scopus_id/34247248429,317, 7202282108,The role of cingulate cortex in the detection of errors with and without awareness: A high-density electrical mapping study,2007-04-01
"Robertson, Ian H.",https://api.elsevier.com/content/abstract/scopus_id/33847058479,103, 7202282108,Optimal sustained attention is linked to the spectral content of background EEG activity: Greater ongoing tonic alpha (∼10 Hz) power supports successful phasic goal activation,2007-02-01
"Robertson, Ian H.",https://api.elsevier.com/content/abstract/scopus_id/3242716946,134, 7202282108,Behavioural and physiological impairments of sustained attention after traumatic brain injury,2004-08-01
"Robertson, Ian H.",https://api.elsevier.com/content/abstract/scopus_id/2442604435,58, 7202282108,EEG alpha power changes reflect response inhibition deficits after traumatic brain injury (TBI) in humans,2004-05-13
"Robertson, Ian H.",https://api.elsevier.com/content/abstract/scopus_id/84942585809,23, 7202282108,EEG alpha power and coherence time courses in a sustained attention task,2003-01-01
"Naçi, Lorina",https://api.elsevier.com/content/abstract/scopus_id/85148212425,6, 8565340000,Assessing awareness in severe Alzheimer’s disease,2023-02-01
"Naçi, Lorina",https://api.elsevier.com/content/abstract/scopus_id/85134848811,7, 8565340000,Uncovering Consciousness and Revealing the Preservation of Mental Life in Unresponsive Brain-Injured Patients,2022-09-13
"Naçi, Lorina",https://api.elsevier.com/content/abstract/scopus_id/84924186615,74, 8565340000,"Risk, diagnostic error, and the clinical science of consciousness",2015-01-01
"Naçi, Lorina",https://api.elsevier.com/content/abstract/scopus_id/84923362916,15, 8565340000,Brain-computer interfaces for assessment and communication in disorders of consciousness,2014-05-31
"Naçi, Lorina",https://api.elsevier.com/content/abstract/scopus_id/84901487835,20, 8565340000,Ethics of neuroimaging after serious brain injury,2014-05-20
"Cannon, Mary",https://api.elsevier.com/content/abstract/scopus_id/84860837759,7, 7202419754,Language processing abnormalities in adolescents with psychotic-like experiences: An event related potential study,2012-05-01
"Rowan, Michael J.",https://api.elsevier.com/content/abstract/scopus_id/85074925638,174, 7103383672,What electrophysiology tells us about Alzheimer's disease: a window into the synchronization and connectivity of brain neurons,2020-01-01
"Rowan, Michael J.",https://api.elsevier.com/content/abstract/scopus_id/79952765653,57, 7103383672,Removal of synaptic Ca<sup>2+</sup>-permeable AMPA receptors during sleep,2011-03-16
"Rowan, Michael J.",https://api.elsevier.com/content/abstract/scopus_id/0026353043,26, 7103383672,EEG and event related potentials in hepatic encephalopathy,1991-12-01
"Rowan, Michael J.",https://api.elsevier.com/content/abstract/scopus_id/0025609554,20, 7103383672,Flash visual evoked responses in the early encephalopathy of chronic liver disease,1990-01-01
"Hardiman, Orla",https://api.elsevier.com/content/abstract/scopus_id/85205797704,1, 57201275401,Distinct Longitudinal Changes in EEG Measures Reflecting Functional Network Disruption in ALS Cognitive Phenotypes,2025-02-01
"Hardiman, Orla",https://api.elsevier.com/content/abstract/scopus_id/85213985182,0, 57201275401,Abnormal EEG Spectral Power and Coherence Measures During Pre-Motor Stage in Amyotrophic Lateral Sclerosis,2025-01-01
"Hardiman, Orla",https://api.elsevier.com/content/abstract/scopus_id/85182412402,3, 57201275401,Electroencephalographic β-band oscillations in the sensorimotor network reflect motor symptom severity in amyotrophic lateral sclerosis,2024-04-01
"Hardiman, Orla",https://api.elsevier.com/content/abstract/scopus_id/85179685394,2, 57201275401,Functional network dynamics revealed by EEG microstates reflect cognitive decline in amyotrophic lateral sclerosis,2024-01-01
"Hardiman, Orla",https://api.elsevier.com/content/abstract/scopus_id/85176595098,18, 57201275401,Biomarkers in amyotrophic lateral sclerosis: current status and future prospects,2023-12-01
"Hardiman, Orla",https://api.elsevier.com/content/abstract/scopus_id/85164244168,3, 57201275401,Cortico-muscular coherence in primary lateral sclerosis reveals abnormal cortical engagement during motor function beyond primary motor areas,2023-07-01
"Hardiman, Orla",https://api.elsevier.com/content/abstract/scopus_id/85128493512,38, 57201275401,Resting-state EEG reveals four subphenotypes of amyotrophic lateral sclerosis,2022-02-01
"Hardiman, Orla",https://api.elsevier.com/content/abstract/scopus_id/85105341467,13, 57201275401,Cognitive network hyperactivation and motor cortex decline correlate with ALS prognosis,2021-08-01
"Hardiman, Orla",https://api.elsevier.com/content/abstract/scopus_id/85101682747,12, 57201275401,Sustained attention to response task-related beta oscillations relate to performance and provide a functional biomarker in ALS,2021-04-01
"Hardiman, Orla",https://api.elsevier.com/content/abstract/scopus_id/85097448597,7, 57201275401,Altered supraspinal motor networks in survivors of poliomyelitis: A cortico-muscular coherence study,2021-01-01
"Hardiman, Orla",https://api.elsevier.com/content/abstract/scopus_id/85088882117,11, 57201275401,Localization of brain networks engaged by the sustained attention to response task provides quantitative markers of executive impairment in amyotrophic lateral sclerosis,2020-09-01
"Hardiman, Orla",https://api.elsevier.com/content/abstract/scopus_id/85061664215,50, 57201275401,Measuring network disruption in neurodegenerative diseases: New approaches using signal analysis,2019-09-01
"Hardiman, Orla",https://api.elsevier.com/content/abstract/scopus_id/85061033871,30, 57201275401,Neurophysiological markers of network dysfunction in neurodegenerative diseases,2019-01-01
"Hardiman, Orla",https://api.elsevier.com/content/abstract/scopus_id/0023212321,13, 57201275401,Interictal Spike Localisation with Methohexitone: Preoperative Activation and Surgical Follow‐Up,1987-01-01
"Dockree, Paul M.",https://api.elsevier.com/content/abstract/scopus_id/85140856004,7, 6508334448,Pharmacological Manipulations of Physiological Arousal and Sleep-Like Slow Waves Modulate Sustained Attention,2022-10-26
"Dockree, Paul M.",https://api.elsevier.com/content/abstract/scopus_id/85138191687,2, 6508334448,Impaired Metacognition and Reduced Neural Signals of Decision Confidence in Adults With Traumatic Brain Injury,2022-09-08
"Dockree, Paul M.",https://api.elsevier.com/content/abstract/scopus_id/85076446524,27, 6508334448,Towards error categorisation in BCI: Single-trial EEG classification between different errors,2020-01-01
"Dockree, Paul M.",https://api.elsevier.com/content/abstract/scopus_id/85056672329,4, 6508334448,Single-Trial EEG Classification of Similar Errors,2018-10-26
"O'Connell, Redmond G.",https://api.elsevier.com/content/abstract/scopus_id/85189797398,0, 7103138829,Prior probability cues bias sensory encoding with increasing task exposure,2024-04-02
"O'Connell, Redmond G.",https://api.elsevier.com/content/abstract/scopus_id/85171628137,0, 7103138829,Balancing true and false detection of intermittent sensory targets by adjusting the inputs to the evidence accumulation process,2023-08-30
"O'Connell, Redmond G.",https://api.elsevier.com/content/abstract/scopus_id/85109528238,7, 7103138829,A neural index of inefficient evidence accumulation in dyslexia underlying slow perceptual decision making,2021-09-01
"O'Connell, Redmond G.",https://api.elsevier.com/content/abstract/scopus_id/85110429234,2, 7103138829,Distractors selectively modulate electrophysiological markers of perceptual decisions,2021-05-01
"O'Connell, Redmond G.",https://api.elsevier.com/content/abstract/scopus_id/85084090610,23, 7103138829,Evidence accumulation during perceptual decisions in humans varies as a function of dorsal frontoparietal organization,2020-08-01
"O'Connell, Redmond G.",https://api.elsevier.com/content/abstract/scopus_id/85064286450,50, 7103138829,Behavioural and neural signatures of perceptual decision-making are modulated by pupil-linked arousal,2019-03-01
"O'Connell, Redmond G.",https://api.elsevier.com/content/abstract/scopus_id/85067269746,9, 7103138829,Catecholamine modulation of evidence accumulation during perceptual decision formation: A randomized trial,2019-01-01
"O'Connell, Redmond G.",https://api.elsevier.com/content/abstract/scopus_id/85016065695,22, 7103138829,Visuospatial asymmetries arise from differences in the onset time of perceptual evidence accumulation,2017-03-22
"O'Connell, Redmond G.",https://api.elsevier.com/content/abstract/scopus_id/84978881187,52, 7103138829,Abstract and effector-selective decision signals exhibit qualitatively distinct dynamics before delayed perceptual reports,2016-07-13
"O'Connell, Redmond G.",https://api.elsevier.com/content/abstract/scopus_id/84892830984,32, 7103138829,Monoaminergic modulation of behavioural and electrophysiological indices of error processing,2014-01-01
"O'Connell, Redmond G.",https://api.elsevier.com/content/abstract/scopus_id/84877829019,54, 7103138829,"Linking time-on-task, spatial bias and hemispheric activation asymmetry: A neural correlate of rightward attention drift",2013-06-01
"Cusack, Rhodri",https://api.elsevier.com/content/abstract/scopus_id/82955198407,22, 7005681420,The temporal evolution of electromagnetic markers sensitive to the capacity limits of visual short-term memory,2011-01-01
"Reilly, Richard B.",https://api.elsevier.com/content/abstract/scopus_id/85216474960,0, 7102935766,onEEGwaveLAD: A fully automated online EEG wavelet-based learning adaptive denoiser for artefacts identification and mitigation,2025-01-01
"Reilly, Richard B.",https://api.elsevier.com/content/abstract/scopus_id/85214995504,0, 7102935766,An Improved Neurosurgical Planning Method for Focal Epileptic Seizure Surgery using Stereo-EEG-Based Source Localization and Multimodal Imaging,2024-01-01
"Reilly, Richard B.",https://api.elsevier.com/content/abstract/scopus_id/85136935269,2, 7102935766,A Survey on the Application of Virtual Reality in Event-Related Potential Research,2022-01-01
"Reilly, Richard B.",https://api.elsevier.com/content/abstract/scopus_id/85091010593,2, 7102935766,Quantification of Neural Activity in FMR1 Premutation Carriers during a Dynamic Sway Task using Source Localization,2020-07-01
"Reilly, Richard B.",https://api.elsevier.com/content/abstract/scopus_id/85090999143,0, 7102935766,Decreased Theta Power Reflects Disruption in Postural Control Networks of Fragile X Premutation Carriers,2020-07-01
"Reilly, Richard B.",https://api.elsevier.com/content/abstract/scopus_id/85077892121,5, 7102935766,Cortical Theta Activity and Postural Control in Non-Visual and High Cognitive Load Tasks: Impact for Clinical Studies,2019-07-01
"Reilly, Richard B.",https://api.elsevier.com/content/abstract/scopus_id/85057112661,2, 7102935766,Clinical utility of portable electrophysiology to measure fatigue in treatment-naïve non-small cell lung cancer,2019-07-01
"Reilly, Richard B.",https://api.elsevier.com/content/abstract/scopus_id/85066756353,2, 7102935766,Cochlear implant artefact reduction in electroencephalography data obtained with the auditory oddball paradigm and stimuli with differing envelopes <sup>∗</sup>,2019-05-16
"Reilly, Richard B.",https://api.elsevier.com/content/abstract/scopus_id/85066730771,2, 7102935766,Neural based assessment of mind wandering during a fatigueinducing motor task: Is task failure due to fatigue or distraction?,2019-05-16
"Reilly, Richard B.",https://api.elsevier.com/content/abstract/scopus_id/85041105067,30, 7102935766,Machine Learning EEG to Predict Cognitive Functioning and Processing Speed Over a 2-Year Period in Multiple Sclerosis Patients and Controls,2018-05-01
"Reilly, Richard B.",https://api.elsevier.com/content/abstract/scopus_id/84998610945,55, 7102935766,Neural differences between covert and overt attention studied using EEG with simultaneous remote eye tracking,2016-11-23
"Reilly, Richard B.",https://api.elsevier.com/content/abstract/scopus_id/84942911174,14, 7102935766,Signal propagation in the human visual pathways: An effective connectivity analysis,2015-09-30
"Reilly, Richard B.",https://api.elsevier.com/content/abstract/scopus_id/84940382863,10, 7102935766,The impact of dual tasking on cognitive performance in a Parkinson's disease cohort with and without freezing of gait: An EEG and behavioral based approach,2015-07-01
"Reilly, Richard B.",https://api.elsevier.com/content/abstract/scopus_id/84886533110,18, 7102935766,Measurement of attention during movement: Acquisition of ambulatory EEG and cognitive performance from healthy young adults,2013-10-31
"Reilly, Richard B.",https://api.elsevier.com/content/abstract/scopus_id/84866650545,21, 7102935766,Only Low Frequency Event-Related EEG Activity Is Compromised in Multiple Sclerosis: Insights from an Independent Component Clustering Analysis,2012-09-21
"Reilly, Richard B.",https://api.elsevier.com/content/abstract/scopus_id/84863566164,5, 7102935766,Motion P3 demonstrates neural nature of motion ERPs,2011-12-26
"Reilly, Richard B.",https://api.elsevier.com/content/abstract/scopus_id/79960373751,3, 7102935766,Electrophysiological source analysis of passive self-motion,2011-07-20
"Reilly, Richard B.",https://api.elsevier.com/content/abstract/scopus_id/79955688459,16, 7102935766,Change in PASAT performance correlates with change in P3 ERP amplitude over a 12-month period in multiple sclerosis patients,2011-06-15
"Reilly, Richard B.",https://api.elsevier.com/content/abstract/scopus_id/79954623000,17, 7102935766,Preliminary evidence for correlation between PASAT performance and P3a and P3b amplitudes in progressive multiple sclerosis,2011-05-01
"Reilly, Richard B.",https://api.elsevier.com/content/abstract/scopus_id/78649515413,52, 7102935766,"Electrograms (ECG, EEG, EMG, EOG)",2010-12-03
"Reilly, Richard B.",https://api.elsevier.com/content/abstract/scopus_id/77956226026,795, 7102935766,FASTER: Fully Automated Statistical Thresholding for EEG artifact Rejection,2010-09-01
"Reilly, Richard B.",https://api.elsevier.com/content/abstract/scopus_id/77955270133,34, 7102935766,"A high-density ERP study reveals latency, amplitude, and topographical differences in multiple sclerosis patients versus controls",2010-09-01
"Reilly, Richard B.",https://api.elsevier.com/content/abstract/scopus_id/77952103179,22, 7102935766,Impaired information processing speed and attention allocation in multiple sclerosis patients versus controls: A high-density EEG study,2010-06-15
"Reilly, Richard B.",https://api.elsevier.com/content/abstract/scopus_id/75149169198,156, 7102935766,My face or yours? Event-related potential correlates of self-face processing,2010-03-01
"Reilly, Richard B.",https://api.elsevier.com/content/abstract/scopus_id/77952836907,2, 7102935766,"Electrograms (ECG, EEG, EMG, EOG)",2010-01-01
"Reilly, Richard B.",https://api.elsevier.com/content/abstract/scopus_id/70350579061,14, 7102935766,Acquisition of human EEG data during linear self-motion on a Stewart platform,2009-11-06
"Reilly, Richard B.",https://api.elsevier.com/content/abstract/scopus_id/70449597859,54, 7102935766,Visual sensory processing deficits in patients with bipolar disorder revealed through high-density electrical mapping,2009-01-01
"Reilly, Richard B.",https://api.elsevier.com/content/abstract/scopus_id/55649119988,0, 7102935766,Investigation of entropy and complexity measures for detection of seizures in the neonate,2008-11-13
"Reilly, Richard B.",https://api.elsevier.com/content/abstract/scopus_id/58149308174,37, 7102935766,Classifier models and architectures for EEG-based neonatal seizure detection,2008-10-01
"Reilly, Richard B.",https://api.elsevier.com/content/abstract/scopus_id/34547839754,169, 7102935766,A neural mass model of spectral responses in electrophysiology,2007-09-01
"Reilly, Richard B.",https://api.elsevier.com/content/abstract/scopus_id/34248230760,99, 7102935766,Combination of EEG and ECG for improved automatic neonatal seizure detection,2007-06-01
"Reilly, Richard B.",https://api.elsevier.com/content/abstract/scopus_id/33947547547,49, 7102935766,Electrocardiogram based neonatal seizure detection,2007-04-01
"Reilly, Richard B.",https://api.elsevier.com/content/abstract/scopus_id/34047165342,7, 7102935766,Multi-channel EEG based neonatal seizure detection,2006-12-01
"Reilly, Richard B.",https://api.elsevier.com/content/abstract/scopus_id/33745450259,15, 7102935766,Heart and respiration rate changes in the neonate during electroencephalographic seizure,2006-03-01
"Reilly, Richard B.",https://api.elsevier.com/content/abstract/scopus_id/16344388770,151, 7102935766,A parametric feature extraction and classification strategy for brain-computer interfacing,2005-03-01
"Reilly, Richard B.",https://api.elsevier.com/content/abstract/scopus_id/0036916685,3, 7102935766,A simultaneous filtering and feature extraction strategy for direct brain interfacing,2002-12-01
"Whelan, Robert",https://api.elsevier.com/content/abstract/scopus_id/85194133921,6, 14030625500,"Brain health in diverse settings: How age, demographics and cognition shape brain function",2024-07-15
"Whelan, Robert",https://api.elsevier.com/content/abstract/scopus_id/85188537152,3, 14030625500,Viscous dynamics associated with hypoexcitation and structural disintegration in neurodegeneration via generative whole-brain modeling,2024-05-01
"Whelan, Robert",https://api.elsevier.com/content/abstract/scopus_id/85174665892,1, 14030625500,Anticipatory reward dysfunction in alcohol dependence: An electroencephalography monetary incentive delay task study,2023-12-01
"Whelan, Robert",https://api.elsevier.com/content/abstract/scopus_id/85181583350,1, 14030625500,Task-Related and Resting-State EEG Classification of Adult Patients with ADHD Using Machine Learning,2023-01-01
"Whelan, Robert",https://api.elsevier.com/content/abstract/scopus_id/85165587699,0, 14030625500,Dynamic Reconfiguration of Dominant Intrinsic Coupling Modes in Elderly at Prodromal Alzheimer’s Disease Risk,2023-01-01
"Whelan, Robert",https://api.elsevier.com/content/abstract/scopus_id/85141782738,41, 14030625500,Genuine high-order interactions in brain networks and neurodegeneration,2022-12-01
"Whelan, Robert",https://api.elsevier.com/content/abstract/scopus_id/85131173743,3, 14030625500,Self-regulation of the brain's right frontal Beta rhythm using a brain-computer interface,2022-11-01
"Whelan, Robert",https://api.elsevier.com/content/abstract/scopus_id/85137127365,27, 14030625500,Multi-feature computational framework for combined signatures of dementia in underrepresented settings,2022-08-01
"Whelan, Robert",https://api.elsevier.com/content/abstract/scopus_id/85135807736,9, 14030625500,"Neuroscience from the comfort of your home: Repeated, self-administered wireless dry EEG measures brain function with high fidelity",2022-07-29
"Whelan, Robert",https://api.elsevier.com/content/abstract/scopus_id/85130013753,32, 14030625500,Allostatic-Interoceptive Overload in Frontotemporal Dementia,2022-07-01
"Whelan, Robert",https://api.elsevier.com/content/abstract/scopus_id/85128813820,4, 14030625500,At-risk alcohol users have disrupted valence discrimination during reward anticipation,2022-05-01
"Whelan, Robert",https://api.elsevier.com/content/abstract/scopus_id/85108030292,20, 14030625500,"Volume of β-bursts, but not their rate, predicts successful response inhibition",2021-06-09
"Whelan, Robert",https://api.elsevier.com/content/abstract/scopus_id/85078680191,7, 14030625500,Aberrant reward prediction errors in young adult at-risk alcohol users,2021-01-01
"Whelan, Robert",https://api.elsevier.com/content/abstract/scopus_id/85083449322,63, 14030625500,A comparison of resting state EEG and structural MRI for classifying Alzheimer's disease and mild cognitive impairment,2020-07-15
"Whelan, Robert",https://api.elsevier.com/content/abstract/scopus_id/85063583100,9, 14030625500,Inhibitory-control event-related potentials correlate with individual differences in alcohol use,2020-03-01
"Whelan, Robert",https://api.elsevier.com/content/abstract/scopus_id/85007595715,13, 14030625500,Computational EEG modelling of decision making under ambiguity reveals spatio-temporal dynamics of outcome evaluation,2017-03-15
"O'Mara, Shane M.",https://api.elsevier.com/content/abstract/scopus_id/0042316853,38, 7004191598,"Analysis of recordings of single-unit firing and population activity in the dorsal subiculum of unrestrained, freely moving rats",2003-08-01
"McCarthy-Jones, Simon",https://api.elsevier.com/content/abstract/scopus_id/85147506476,0, 57205413468,Resting-State EEG and MEG Correlates of Auditory Hallucinations in Adults with Schizophrenia: A Systematic Review,2022-01-01
"McCarthy-Jones, Simon",https://api.elsevier.com/content/abstract/scopus_id/85158846870,2, 57205413468,A Feasibility Study of LORETA Z-Score Neurofeedback Training in Adults with Schizophrenia-Spectrum Disorder Experiencing Treatment-Resistant Auditory Verbal Hallucinations,2020-01-01
